Date,Open,High,Low,Close,Adj Close,Volume,company
2021-01-04T00:00:00.000,274.7799987792969,275.0,265.20001220703125,268.94000244140625,268.65496826171875,15106100,META
2021-01-05T00:00:00.000,268.2900085449219,272.3999938964844,268.2099914550781,270.9700012207031,270.68280029296875,9871600,META
2021-01-06T00:00:00.000,262.0,267.75,260.010009765625,263.3099975585937,263.0309143066406,24354100,META
2021-01-07T00:00:00.000,265.8999938964844,271.6099853515625,264.7799987792969,268.739990234375,268.4551696777344,15789800,META
2021-01-08T00:00:00.000,268.3099975585937,268.95001220703125,263.17999267578125,267.57000732421875,267.2864074707031,18528300,META
2021-01-11T00:00:00.000,260.4800109863281,263.4700012207031,255.8999938964844,256.8399963378906,256.5677795410156,30412300,META
2021-01-12T00:00:00.000,256.6300048828125,259.7200012207031,250.3000030517578,251.08999633789065,250.8238677978516,26383500,META
2021-01-13T00:00:00.000,251.5500030517578,253.9499969482422,249.1999969482422,251.63999938964844,251.373291015625,19528900,META
2021-01-14T00:00:00.000,253.3999938964844,255.02999877929688,244.6100006103516,245.63999938964844,245.3796539306641,29739400,META
2021-01-15T00:00:00.000,247.8999938964844,253.8600006103516,247.1600036621093,251.3600006103516,251.0935821533203,24942900,META
2021-01-19T00:00:00.000,256.8999938964844,262.20001220703125,252.72000122070312,261.1000061035156,260.8232727050781,28028500,META
2021-01-20T00:00:00.000,268.92999267578125,270.32000732421875,263.6000061035156,267.4800109863281,267.1965026855469,25199900,META
2021-01-21T00:00:00.000,269.260009765625,273.6000061035156,267.489990234375,272.8699951171875,272.5807800292969,20838700,META
2021-01-22T00:00:00.000,272.010009765625,278.4700012207031,272.0,274.5,274.20904541015625,21954000,META
2021-01-25T00:00:00.000,278.1400146484375,280.1000061035156,271.510009765625,278.010009765625,277.7153625488281,19087000,META
2021-01-26T00:00:00.000,278.1400146484375,285.3900146484375,277.8099975585937,282.04998779296875,281.75103759765625,19373600,META
2021-01-27T00:00:00.000,282.5299987792969,283.45001220703125,268.1199951171875,272.1400146484375,271.8515625,35346200,META
2021-01-28T00:00:00.000,277.17999267578125,286.7900085449219,264.70001220703125,265.0,264.7191162109375,37758800,META
2021-01-29T00:00:00.000,265.29998779296875,266.5599975585937,254.8500061035156,258.3299865722656,258.0561828613281,30389500,META
2021-02-01T00:00:00.000,259.5199890136719,264.1700134277344,254.9100036621093,262.010009765625,261.7322998046875,22914300,META
2021-02-02T00:00:00.000,264.0,268.8500061035156,263.2699890136719,267.0799865722656,266.7969055175781,17320800,META
2021-02-03T00:00:00.000,265.6199951171875,269.20001220703125,263.8399963378906,266.6499938964844,266.36737060546875,14223400,META
2021-02-04T00:00:00.000,267.010009765625,268.1600036621094,264.0,266.489990234375,266.2075500488281,16060000,META
2021-02-05T00:00:00.000,266.79998779296875,269.1700134277344,265.6700134277344,268.1000061035156,267.8158569335937,12454400,META
2021-02-08T00:00:00.000,268.75,269.8599853515625,265.0,266.5799865722656,266.2974548339844,13755200,META
2021-02-09T00:00:00.000,266.44000244140625,273.3900146484375,265.75,269.45001220703125,269.1644287109375,14613400,META
2021-02-10T00:00:00.000,272.45001220703125,273.79998779296875,267.7200012207031,271.8699951171875,271.58184814453125,14687200,META
2021-02-11T00:00:00.000,271.8900146484375,273.5799865722656,268.489990234375,270.3900146484375,270.1034240722656,12828600,META
2021-02-12T00:00:00.000,270.5199890136719,271.17999267578125,268.3399963378906,270.5,270.2132873535156,9097600,META
2021-02-16T00:00:00.000,270.79998779296875,276.6000061035156,270.04998779296875,273.9700012207031,273.6796264648437,15417200,META
2021-02-17T00:00:00.000,271.239990234375,273.9700012207031,269.5799865722656,273.57000732421875,273.2800598144531,12763200,META
2021-02-18T00:00:00.000,269.57000732421875,271.95001220703125,266.0299987792969,269.3900146484375,269.1044921875,15249100,META
2021-02-19T00:00:00.000,269.8599853515625,270.2699890136719,260.1499938964844,261.5599975585937,261.28277587890625,25622600,META
2021-02-22T00:00:00.000,257.95001220703125,263.07000732421875,257.5299987792969,260.3299865722656,260.0540771484375,17434900,META
2021-02-23T00:00:00.000,259.5,267.4599914550781,254.9600067138672,265.8599853515625,265.5782165527344,21924600,META
2021-02-24T00:00:00.000,262.3299865722656,266.3800048828125,258.3900146484375,264.3099975585937,264.02984619140625,15736100,META
2021-02-25T00:00:00.000,262.29998779296875,266.94000244140625,254.0399932861328,254.69000244140625,254.4200592041016,19053100,META
2021-02-26T00:00:00.000,256.4700012207031,265.54998779296875,256.4700012207031,257.6199951171875,257.3469543457031,26619500,META
2021-03-01T00:00:00.000,260.82000732421875,266.6499938964844,257.8999938964844,264.9100036621094,264.6292419433594,22157300,META
2021-03-02T00:00:00.000,265.7799987792969,266.7099914550781,258.6499938964844,259.0,258.7254943847656,15191700,META
2021-03-03T00:00:00.000,260.2900085449219,260.989990234375,255.1000061035156,255.4100036621093,255.1392974853516,15513500,META
2021-03-04T00:00:00.000,256.4700012207031,266.489990234375,253.5,257.6400146484375,257.366943359375,31626500,META
2021-03-05T00:00:00.000,260.6700134277344,265.45001220703125,255.6100006103516,264.2799987792969,263.9998779296875,26820100,META
2021-03-08T00:00:00.000,265.54998779296875,265.5799865722656,255.0500030517578,255.3099975585937,255.0393981933593,18391800,META
2021-03-09T00:00:00.000,261.17999267578125,268.5299987792969,259.8099975585937,265.739990234375,265.4583435058594,22039700,META
2021-03-10T00:00:00.000,268.6400146484375,268.9700012207031,262.8699951171875,264.8999938964844,264.6192321777344,14210300,META
2021-03-11T00:00:00.000,268.1099853515625,277.8999938964844,267.82000732421875,273.8800048828125,273.5897216796875,21834000,META
2021-03-12T00:00:00.000,269.1400146484375,269.739990234375,264.0199890136719,268.3999938964844,268.1155090332031,20600200,META
2021-03-15T00:00:00.000,269.0799865722656,275.9599914550781,268.5,273.75,273.4598693847656,16844800,META
2021-03-16T00:00:00.000,276.0799865722656,282.1400146484375,274.79998779296875,279.2799987792969,278.9839782714844,22437700,META
2021-03-17T00:00:00.000,275.7099914550781,286.2300109863281,275.4100036621094,284.010009765625,283.708984375,21315000,META
2021-03-18T00:00:00.000,279.8699951171875,285.19000244140625,278.2799987792969,278.6199951171875,278.3246765136719,18728300,META
2021-03-19T00:00:00.000,281.2200012207031,292.79998779296875,281.20001220703125,290.1099853515625,289.802490234375,38930500,META
2021-03-22T00:00:00.000,290.45001220703125,299.7099914550781,286.75,293.5400085449219,293.2288818359375,28273100,META
2021-03-23T00:00:00.000,293.1499938964844,298.0,289.8099975585937,290.6300048828125,290.32196044921875,23000900,META
2021-03-24T00:00:00.000,291.0,291.7200012207031,281.1600036621094,282.1400146484375,281.8409729003906,18675000,META
2021-03-25T00:00:00.000,280.9800109863281,288.0599975585937,277.75,278.739990234375,278.4445495605469,24505600,META
2021-03-26T00:00:00.000,278.29998779296875,284.5,277.7699890136719,283.0199890136719,282.72003173828125,17629200,META
2021-03-29T00:00:00.000,285.7699890136719,293.17999267578125,284.70001220703125,290.82000732421875,290.51177978515625,21718800,META
2021-03-30T00:00:00.000,289.8299865722656,292.4700012207031,286.70001220703125,288.0,287.6947631835937,17474500,META
2021-03-31T00:00:00.000,289.989990234375,296.5,288.6099853515625,294.5299987792969,294.21783447265625,19498200,META
2021-04-01T00:00:00.000,298.3999938964844,302.3999938964844,296.6000061035156,298.6600036621094,298.34344482421875,17616000,META
2021-04-05T00:00:00.000,300.8900146484375,310.7699890136719,300.67999267578125,308.9100036621094,308.58258056640625,28237000,META
2021-04-06T00:00:00.000,308.8399963378906,311.3500061035156,305.25,306.260009765625,305.9353942871094,17335200,META
2021-04-07T00:00:00.000,306.3399963378906,314.25,305.5,313.0899963378906,312.7581481933594,22855200,META
2021-04-08T00:00:00.000,314.8500061035156,315.8800048828125,310.04998779296875,313.0199890136719,312.688232421875,20894100,META
2021-04-09T00:00:00.000,311.3999938964844,314.739990234375,310.3299865722656,312.4599914550781,312.1288146972656,15988600,META
2021-04-12T00:00:00.000,311.04998779296875,312.1499938964844,307.92999267578125,311.5400085449219,311.2098083496094,10881900,META
2021-04-13T00:00:00.000,312.2099914550781,314.42999267578125,309.32000732421875,309.760009765625,309.43170166015625,14036900,META
2021-04-14T00:00:00.000,307.29998779296875,308.0299987792969,301.95001220703125,302.82000732421875,302.4990539550781,17421400,META
2021-04-15T00:00:00.000,306.3399963378906,310.1400146484375,304.1000061035156,307.82000732421875,307.4937438964844,14558300,META
2021-04-16T00:00:00.000,308.1700134277344,308.95001220703125,304.6099853515625,306.17999267578125,305.85546875,13059200,META
2021-04-19T00:00:00.000,305.010009765625,307.70001220703125,300.5599975585937,302.239990234375,301.9196472167969,14553500,META
2021-04-20T00:00:00.000,301.989990234375,305.1000061035156,297.2099914550781,302.6499938964844,302.3292236328125,16796400,META
2021-04-21T00:00:00.000,301.95001220703125,301.9800109863281,297.3900146484375,301.4700012207031,301.1504821777344,14863500,META
2021-04-22T00:00:00.000,301.3299865722656,302.9200134277344,296.0400085449219,296.5199890136719,296.2057189941406,16375400,META
2021-04-23T00:00:00.000,298.760009765625,302.5899963378906,297.1499938964844,301.1300048828125,300.81085205078125,17536800,META
2021-04-26T00:00:00.000,303.3399963378906,305.79998779296875,301.5599975585937,303.0400085449219,302.71881103515625,16172600,META
2021-04-27T00:00:00.000,304.2799987792969,305.3399963378906,301.1099853515625,303.57000732421875,303.2482604980469,15309300,META
2021-04-28T00:00:00.000,307.3599853515625,310.9200134277344,305.3699951171875,307.1000061035156,306.7745056152344,33907200,META
2021-04-29T00:00:00.000,330.1199951171875,331.8099975585937,321.6099853515625,329.510009765625,329.1607666015625,56526800,META
2021-04-30T00:00:00.000,326.1400146484375,329.82000732421875,324.5,325.0799865722656,324.7354431152344,26332400,META
2021-05-03T00:00:00.000,326.1700134277344,328.54998779296875,321.8399963378906,322.5799865722656,322.23809814453125,18719500,META
2021-05-04T00:00:00.000,320.0199890136719,322.19000244140625,313.1199951171875,318.3599853515625,318.0225524902344,24032600,META
2021-05-05T00:00:00.000,318.19000244140625,321.0599975585937,314.489990234375,315.0199890136719,314.68609619140625,15577600,META
2021-05-06T00:00:00.000,314.5199890136719,320.239990234375,313.2699890136719,320.0199890136719,319.6808166503906,19012200,META
2021-05-07T00:00:00.000,322.3800048828125,322.94000244140625,318.75,319.0799865722656,318.7417907714844,15916700,META
2021-05-10T00:00:00.000,314.3500061035156,314.5799865722656,304.8299865722656,305.9700012207031,305.6457214355469,24239200,META
2021-05-11T00:00:00.000,300.75,306.8399963378906,299.69000244140625,306.5299987792969,306.2051086425781,18920100,META
2021-05-12T00:00:00.000,301.1300048828125,304.9599914550781,298.19000244140625,302.54998779296875,302.22930908203125,24645500,META
2021-05-13T00:00:00.000,306.0799865722656,308.8599853515625,302.7699890136719,305.260009765625,304.9364624023437,18079200,META
2021-05-14T00:00:00.000,309.5400085449219,316.8500061035156,309.0799865722656,315.94000244140625,315.6051330566406,19245700,META
2021-05-17T00:00:00.000,313.54998779296875,315.67999267578125,311.5799865722656,315.4599914550781,315.1256408691406,15401300,META
2021-05-18T00:00:00.000,315.5899963378906,316.5,309.8099975585937,309.9599914550781,309.6314697265625,14522400,META
2021-05-19T00:00:00.000,304.19000244140625,314.6600036621094,303.57000732421875,313.5899963378906,313.25762939453125,19106200,META
2021-05-20T00:00:00.000,313.5799865722656,319.25,313.1600036621094,318.6099853515625,318.2723083496094,17320200,META
2021-05-21T00:00:00.000,319.2900085449219,319.92999267578125,315.8099975585937,316.2300109863281,315.89483642578125,13600900,META
2021-05-24T00:00:00.000,318.2099914550781,325.95001220703125,318.0299987792969,324.6300048828125,324.2859191894531,16445400,META
2021-05-25T00:00:00.000,327.0799865722656,329.17999267578125,324.79998779296875,327.7900085449219,327.4425964355469,16437000,META
2021-05-26T00:00:00.000,328.3500061035156,329.8299865722656,325.82000732421875,327.6600036621094,327.3127136230469,9686900,META
2021-05-27T00:00:00.000,328.0,333.7799987792969,326.760009765625,332.75,332.3973083496094,20477700,META
2021-05-28T00:00:00.000,331.0,332.8699951171875,328.3299865722656,328.7300109863281,328.381591796875,12037400,META
2021-06-01T00:00:00.000,330.1499938964844,331.4200134277344,326.6400146484375,329.1300048828125,328.7811584472656,11765900,META
2021-06-02T00:00:00.000,330.3800048828125,331.8699951171875,327.1199951171875,329.1499938964844,328.8011169433594,11654300,META
2021-06-03T00:00:00.000,325.7799987792969,327.3800048828125,323.4800109863281,326.0400085449219,325.6944274902344,12610800,META
2021-06-04T00:00:00.000,325.8999938964844,332.4599914550781,325.17999267578125,330.3500061035156,329.9998779296875,13289400,META
2021-06-07T00:00:00.000,329.4800109863281,337.69000244140625,328.92999267578125,336.5799865722656,336.2232360839844,20136700,META
2021-06-08T00:00:00.000,336.70001220703125,338.29998779296875,332.239990234375,333.67999267578125,333.3263244628906,14580500,META
2021-06-09T00:00:00.000,335.739990234375,336.79998779296875,330.0,330.25,329.89996337890625,13727900,META
2021-06-10T00:00:00.000,330.7900085449219,333.94000244140625,328.54998779296875,332.4599914550781,332.1076354980469,13240200,META
2021-06-11T00:00:00.000,332.5799865722656,332.8299865722656,328.92999267578125,331.260009765625,330.9089050292969,13587900,META
2021-06-14T00:00:00.000,331.8999938964844,336.82000732421875,329.8099975585937,336.7699890136719,336.4130554199219,12250800,META
2021-06-15T00:00:00.000,336.989990234375,339.9200134277344,335.0299987792969,336.75,336.3930969238281,15795200,META
2021-06-16T00:00:00.000,336.70001220703125,337.54998779296875,328.7200012207031,331.0799865722656,330.72906494140625,17232200,META
2021-06-17T00:00:00.000,330.489990234375,337.9800109863281,330.1499938964844,336.510009765625,336.1533508300781,17794100,META
2021-06-18T00:00:00.000,334.5299987792969,336.1499938964844,329.0,329.6600036621094,329.31060791015625,23039500,META
2021-06-21T00:00:00.000,331.0899963378906,332.9200134277344,327.6499938964844,332.2900085449219,331.93780517578125,11337500,META
2021-06-22T00:00:00.000,332.69000244140625,339.9200134277344,332.6000061035156,339.0299987792969,338.670654296875,15345300,META
2021-06-23T00:00:00.000,339.3500061035156,343.4200134277344,338.20001220703125,340.5899963378906,340.22900390625,14817800,META
2021-06-24T00:00:00.000,341.8500061035156,344.8999938964844,341.7900085449219,343.17999267578125,342.8162536621094,12329100,META
2021-06-25T00:00:00.000,342.5899963378906,344.1199951171875,339.67999267578125,341.3699951171875,341.0081787109375,14594400,META
2021-06-28T00:00:00.000,342.4599914550781,358.1400146484375,341.7699890136719,355.6400146484375,355.2630615234375,29156100,META
2021-06-29T00:00:00.000,356.2699890136719,356.739990234375,349.04998779296875,351.8900146484375,351.5170593261719,21417300,META
2021-06-30T00:00:00.000,352.1700134277344,352.9200134277344,347.1700134277344,347.7099914550781,347.3414611816406,15107500,META
2021-07-01T00:00:00.000,346.82000732421875,354.6700134277344,346.5,354.3900146484375,354.014404296875,17137000,META
2021-07-02T00:00:00.000,355.1000061035156,356.44000244140625,352.6199951171875,354.70001220703125,354.3240661621094,11521300,META
2021-07-06T00:00:00.000,356.5,358.7900085449219,349.17999267578125,352.7799987792969,352.4060974121094,13488500,META
2021-07-07T00:00:00.000,355.260009765625,356.489990234375,350.0,350.489990234375,350.1184997558594,14218900,META
2021-07-08T00:00:00.000,345.7300109863281,348.3299865722656,342.5599975585937,345.6499938964844,345.2836303710937,14406500,META
2021-07-09T00:00:00.000,345.32000732421875,350.7099914550781,345.2699890136719,350.4200134277344,350.0486145019531,13018700,META
2021-07-12T00:00:00.000,351.2300109863281,354.19000244140625,349.6400146484375,353.1600036621094,352.78570556640625,10018600,META
2021-07-13T00:00:00.000,351.5,358.489990234375,348.79998779296875,352.0899963378906,351.7168273925781,11456000,META
2021-07-14T00:00:00.000,354.5599975585937,355.20001220703125,346.7300109863281,347.6300048828125,347.2615661621094,13894200,META
2021-07-15T00:00:00.000,349.2300109863281,349.2300109863281,340.2200012207031,344.4599914550781,344.09490966796875,14781600,META
2021-07-16T00:00:00.000,344.9100036621094,345.989990234375,340.1400146484375,341.1600036621094,340.79840087890625,11026100,META
2021-07-19T00:00:00.000,337.57000732421875,339.7900085449219,334.5400085449219,336.95001220703125,336.5928955078125,14372300,META
2021-07-20T00:00:00.000,338.79998779296875,343.45001220703125,334.5,341.6600036621094,341.2978820800781,11024300,META
2021-07-21T00:00:00.000,341.5,346.5199890136719,341.25,346.2300109863281,345.863037109375,9279700,META
2021-07-22T00:00:00.000,346.67999267578125,351.5400085449219,345.2099914550781,351.19000244140625,350.8177795410156,12385400,META
2021-07-23T00:00:00.000,360.9100036621094,375.3299865722656,357.19000244140625,369.7900085449219,369.3980712890625,33694300,META
2021-07-26T00:00:00.000,369.5799865722656,374.4400024414063,368.2200012207031,372.4599914550781,372.0652160644531,14925200,META
2021-07-27T00:00:00.000,371.9100036621094,373.1499938964844,364.5499877929688,367.80999755859375,367.420166015625,15705400,META
2021-07-28T00:00:00.000,374.55999755859375,377.5499877929688,366.9299926757813,373.2799987792969,372.8843688964844,29676900,META
2021-07-29T00:00:00.000,361.0,365.5199890136719,356.739990234375,358.32000732421875,357.9402160644531,33413200,META
2021-07-30T00:00:00.000,354.0,360.7300109863281,352.94000244140625,356.29998779296875,355.92236328125,15976200,META
2021-08-02T00:00:00.000,358.1000061035156,359.3999938964844,350.739990234375,351.95001220703125,351.5769958496094,13180400,META
2021-08-03T00:00:00.000,352.7300109863281,353.7699890136719,347.70001220703125,351.239990234375,350.8677062988281,12406100,META
2021-08-04T00:00:00.000,352.4200134277344,360.4800109863281,351.510009765625,358.9200134277344,358.53961181640625,14180600,META
2021-08-05T00:00:00.000,359.6400146484375,363.8999938964844,356.8999938964844,362.9700012207031,362.5852966308594,10247200,META
2021-08-06T00:00:00.000,361.3999938964844,365.1499938964844,361.3999938964844,363.510009765625,363.1247253417969,8925000,META
2021-08-09T00:00:00.000,363.760009765625,365.7799987792969,360.75,361.6099853515625,361.2267150878906,7798900,META
2021-08-10T00:00:00.000,361.8299865722656,364.1000061035156,359.0400085449219,361.1300048828125,360.7472534179688,7469900,META
2021-08-11T00:00:00.000,362.1000061035156,362.3599853515625,357.8099975585937,359.9599914550781,359.5784606933594,8400300,META
2021-08-12T00:00:00.000,358.45001220703125,363.0,357.1099853515625,362.6499938964844,362.265625,7170700,META
2021-08-13T00:00:00.000,362.9700012207031,364.6600036621094,361.4800109863281,363.1799926757813,362.7950744628906,7195700,META
2021-08-16T00:00:00.000,362.5199890136719,366.9500122070313,357.3800048828125,366.55999755859375,366.1714782714844,11222100,META
2021-08-17T00:00:00.000,362.9800109863281,364.6700134277344,355.07000732421875,358.45001220703125,358.0700988769531,12328700,META
2021-08-18T00:00:00.000,356.25,359.8599853515625,355.1499938964844,355.45001220703125,355.0732727050781,10042400,META
2021-08-19T00:00:00.000,351.3500061035156,357.57000732421875,351.0,355.1199951171875,354.7436218261719,12004500,META
2021-08-20T00:00:00.000,354.6000061035156,359.989990234375,353.3099975585937,359.3699951171875,358.9891052246094,8697700,META
2021-08-23T00:00:00.000,359.44000244140625,365.6900024414063,359.1000061035156,363.3500061035156,362.96490478515625,10942000,META
2021-08-24T00:00:00.000,363.6600036621094,367.9599914550781,361.8399963378906,365.510009765625,365.1226196289063,9235100,META
2021-08-25T00:00:00.000,365.6000061035156,370.8599853515625,365.3999938964844,368.3900146484375,367.9995727539063,9684500,META
2021-08-26T00:00:00.000,368.3800048828125,369.4400024414063,364.1300048828125,364.3800048828125,363.9938049316406,7888700,META
2021-08-27T00:00:00.000,365.1000061035156,373.739990234375,364.0799865722656,372.6300048828125,372.2350463867188,11219100,META
2021-08-30T00:00:00.000,372.55999755859375,381.489990234375,370.5199890136719,380.6600036621094,380.2565307617188,13547300,META
2021-08-31T00:00:00.000,379.9500122070313,382.760009765625,378.7999877929688,379.3800048828125,378.9779052734375,12345400,META
2021-09-01T00:00:00.000,379.5899963378906,384.3299865722656,378.80999755859375,382.0499877929688,381.6450500488281,11567200,META
2021-09-02T00:00:00.000,381.5,381.75,374.05999755859375,375.2799987792969,374.8822326660156,14832900,META
2021-09-03T00:00:00.000,374.75,377.1600036621094,373.1099853515625,376.260009765625,375.8612060546875,7509600,META
2021-09-07T00:00:00.000,375.8800048828125,382.9599914550781,373.1499938964844,382.1799926757813,381.7749328613281,10793800,META
2021-09-08T00:00:00.000,380.1600036621094,380.8699951171875,374.7900085449219,377.5700073242188,377.1698303222656,11067200,META
2021-09-09T00:00:00.000,377.6400146484375,379.8299865722656,376.5700073242188,378.0,377.599365234375,9098900,META
2021-09-10T00:00:00.000,381.3599853515625,383.7900085449219,378.260009765625,378.6900024414063,378.2886352539063,11549600,META
2021-09-13T00:00:00.000,381.6799926757813,381.75,374.3500061035156,376.510009765625,376.1109619140625,13026300,META
2021-09-14T00:00:00.000,377.3999938964844,378.5899963378906,375.1099853515625,376.5299987792969,376.13092041015625,8711600,META
2021-09-15T00:00:00.000,377.0,377.55999755859375,367.6700134277344,373.9200134277344,373.5237121582031,17940300,META
2021-09-16T00:00:00.000,372.7900085449219,373.55999755859375,369.7099914550781,373.05999755859375,372.6645812988281,11934200,META
2021-09-17T00:00:00.000,371.4100036621094,371.4100036621094,361.5899963378906,364.7200012207031,364.33343505859375,26299000,META
2021-09-20T00:00:00.000,359.29998779296875,361.0299987792969,349.79998779296875,355.70001220703125,355.322998046875,19822800,META
2021-09-21T00:00:00.000,358.5,360.0400085449219,355.19000244140625,357.4800109863281,357.10113525390625,11751900,META
2021-09-22T00:00:00.000,347.2300109863281,349.8399963378906,340.69000244140625,343.2099914550781,342.8462219238281,43692900,META
2021-09-23T00:00:00.000,345.3599853515625,349.6700134277344,343.0,345.9599914550781,345.59332275390625,21806300,META
2021-09-24T00:00:00.000,343.239990234375,354.3500061035156,342.3699951171875,352.9599914550781,352.5859069824219,18801900,META
2021-09-27T00:00:00.000,349.8099975585937,355.1499938964844,347.0799865722656,353.5799865722656,353.2052307128906,15205800,META
2021-09-28T00:00:00.000,347.9700012207031,349.6000061035156,338.9200134277344,340.6499938964844,340.2889404296875,21710300,META
2021-09-29T00:00:00.000,343.1499938964844,345.2300109863281,338.8800048828125,339.6099853515625,339.2500305175781,14452200,META
2021-09-30T00:00:00.000,340.45001220703125,342.79998779296875,338.1499938964844,339.3900146484375,339.0303039550781,16547100,META
2021-10-01T00:00:00.000,341.6099853515625,345.0199890136719,338.6400146484375,343.010009765625,342.6464538574219,14905300,META
2021-10-04T00:00:00.000,335.5299987792969,335.94000244140625,322.70001220703125,326.2300109863281,325.8842468261719,42885000,META
2021-10-05T00:00:00.000,328.5799865722656,335.17999267578125,326.1600036621094,332.9599914550781,332.6070861816406,35377900,META
2021-10-06T00:00:00.000,329.739990234375,334.3800048828125,325.79998779296875,333.6400146484375,333.2864074707031,26443000,META
2021-10-07T00:00:00.000,337.0,338.8399963378906,328.9800109863281,329.2200012207031,328.8710632324219,28307500,META
2021-10-08T00:00:00.000,331.510009765625,333.3999938964844,328.7099914550781,330.04998779296875,329.7001647949219,15946100,META
2021-10-11T00:00:00.000,327.6300048828125,330.4599914550781,325.3099975585937,325.45001220703125,325.1050720214844,14708200,META
2021-10-12T00:00:00.000,323.0299987792969,324.3800048828125,317.3699951171875,323.7699890136719,323.42681884765625,31658700,META
2021-10-13T00:00:00.000,326.9700012207031,327.0,322.6600036621094,324.5400085449219,324.196044921875,14761500,META
2021-10-14T00:00:00.000,328.3599853515625,330.5199890136719,327.1000061035156,328.5299987792969,328.1817932128906,14302200,META
2021-10-15T00:00:00.000,328.67999267578125,329.07000732421875,322.510009765625,324.760009765625,324.4158020019531,21596400,META
2021-10-18T00:00:00.000,328.95001220703125,335.8900146484375,327.5,335.3399963378906,334.98455810546875,21585000,META
2021-10-19T00:00:00.000,339.6499938964844,342.4599914550781,337.2799987792969,339.989990234375,339.629638671875,18786300,META
2021-10-20T00:00:00.000,343.45001220703125,343.9800109863281,339.45001220703125,340.7799987792969,340.4188232421875,13639500,META
2021-10-21T00:00:00.000,340.2799987792969,342.3099975585937,337.79998779296875,341.8800048828125,341.51763916015625,16354400,META
2021-10-22T00:00:00.000,326.3500061035156,329.6300048828125,321.1099853515625,324.6099853515625,324.26593017578125,35224500,META
2021-10-25T00:00:00.000,320.29998779296875,329.5599975585937,319.7200012207031,328.69000244140625,328.34161376953125,38409000,META
2021-10-26T00:00:00.000,328.260009765625,330.2099914550781,309.6000061035156,315.8099975585937,315.47528076171875,65654000,META
2021-10-27T00:00:00.000,314.19000244140625,319.25,312.0599975585937,312.2200012207031,311.8890686035156,29971800,META
2021-10-28T00:00:00.000,312.989990234375,325.5199890136719,308.1099853515625,316.9200134277344,316.5841064453125,50806800,META
2021-10-29T00:00:00.000,320.19000244140625,326.0,319.6000061035156,323.57000732421875,323.22705078125,37059400,META
2021-11-01T00:00:00.000,326.0400085449219,333.45001220703125,326.0,329.9800109863281,329.6302795410156,31518900,META
2021-11-02T00:00:00.000,331.3800048828125,334.7900085449219,323.79998779296875,328.0799865722656,327.7322692871094,28353000,META
2021-11-03T00:00:00.000,327.489990234375,332.1499938964844,323.20001220703125,331.6199951171875,331.2685241699219,20786500,META
2021-11-04T00:00:00.000,334.010009765625,337.2699890136719,332.6499938964844,335.8500061035156,335.4940490722656,22495300,META
2021-11-05T00:00:00.000,340.3099975585937,346.7900085449219,339.6400146484375,341.1300048828125,340.7684326171875,26872800,META
2021-11-08T00:00:00.000,344.4200134277344,344.7900085449219,338.3399963378906,338.6199951171875,338.2611083984375,18342500,META
2021-11-09T00:00:00.000,340.0,341.3099975585937,334.4700012207031,335.3699951171875,335.0145263671875,17556700,META
2021-11-10T00:00:00.000,332.489990234375,333.19000244140625,325.510009765625,327.6400146484375,327.2927551269531,21872600,META
2021-11-11T00:00:00.000,329.82000732421875,332.4599914550781,327.0,327.739990234375,327.3926086425781,12376600,META
2021-11-12T00:00:00.000,330.17999267578125,341.8599853515625,329.7799987792969,340.8900146484375,340.5287170410156,25414300,META
2021-11-15T00:00:00.000,344.3399963378906,353.6499938964844,343.20001220703125,347.5599975585937,347.1916198730469,25076600,META
2021-11-16T00:00:00.000,343.8299865722656,346.6499938964844,340.8699951171875,342.9599914550781,342.59649658203125,18181100,META
2021-11-17T00:00:00.000,344.239990234375,347.29998779296875,340.1000061035156,340.7699890136719,340.4088134765625,13602800,META
2021-11-18T00:00:00.000,339.7200012207031,342.4599914550781,335.29998779296875,338.69000244140625,338.3310241699219,17487200,META
2021-11-19T00:00:00.000,342.20001220703125,352.1000061035156,339.8999938964844,345.29998779296875,344.9340209960937,26488500,META
2021-11-22T00:00:00.000,349.04998779296875,353.8299865722656,340.510009765625,341.010009765625,340.6485900878906,27116800,META
2021-11-23T00:00:00.000,338.92999267578125,341.3999938964844,333.5,337.25,336.8925476074219,17225000,META
2021-11-24T00:00:00.000,336.0,341.7799987792969,332.8099975585937,341.0599975585937,340.6985168457031,13566200,META
2021-11-26T00:00:00.000,335.79998779296875,337.75,331.8999938964844,333.1199951171875,332.7669372558594,14750700,META
2021-11-29T00:00:00.000,336.8900146484375,340.6700134277344,335.3099975585937,338.0299987792969,337.6717224121094,16650900,META
2021-11-30T00:00:00.000,335.0,335.8099975585937,323.42999267578125,324.4599914550781,324.1160888671875,25390000,META
2021-12-01T00:00:00.000,330.2900085449219,330.5,310.2900085449219,310.6000061035156,310.27081298828125,30329600,META
2021-12-02T00:00:00.000,311.3999938964844,314.6000061035156,307.20001220703125,310.3900146484375,310.06103515625,24396200,META
2021-12-03T00:00:00.000,313.7300109863281,313.75,299.5,306.8399963378906,306.5147705078125,27471000,META
2021-12-06T00:00:00.000,308.1300048828125,320.1000061035156,306.3399963378906,317.8699951171875,317.5330810546875,21758300,META
2021-12-07T00:00:00.000,321.57000732421875,326.5400085449219,321.0,322.8099975585937,322.4678649902344,18794000,META
2021-12-08T00:00:00.000,325.0,332.75,323.07000732421875,330.5599975585937,330.2096252441406,19937700,META
2021-12-09T00:00:00.000,329.5400085449219,336.1300048828125,328.0,329.82000732421875,329.4704284667969,16879200,META
2021-12-10T00:00:00.000,332.5599975585937,335.0299987792969,326.3699951171875,329.75,329.4005126953125,14528000,META
2021-12-13T00:00:00.000,330.95001220703125,341.0899963378906,329.5899963378906,334.489990234375,334.1354675292969,22948700,META
2021-12-14T00:00:00.000,328.04998779296875,335.70001220703125,327.6499938964844,333.739990234375,333.3862609863281,20461000,META
2021-12-15T00:00:00.000,332.489990234375,342.1099853515625,323.9800109863281,341.6600036621094,341.2978820800781,24681300,META
2021-12-16T00:00:00.000,338.9800109863281,344.4599914550781,333.739990234375,334.8999938964844,334.5450439453125,22635000,META
2021-12-17T00:00:00.000,332.79998779296875,337.1099853515625,330.75,333.7900085449219,333.43621826171875,40012600,META
2021-12-20T00:00:00.000,329.7799987792969,329.8999938964844,322.5299987792969,325.45001220703125,325.1050720214844,17901800,META
2021-12-21T00:00:00.000,326.4100036621094,336.0,323.75,334.20001220703125,333.8457946777344,16116800,META
2021-12-22T00:00:00.000,333.79998779296875,334.510009765625,328.260009765625,330.45001220703125,330.0997619628906,16764600,META
2021-12-23T00:00:00.000,330.1000061035156,336.6700134277344,328.3599853515625,335.239990234375,334.8846740722656,13987700,META
2021-12-27T00:00:00.000,338.8500061035156,347.8699951171875,338.010009765625,346.17999267578125,345.8130798339844,17795000,META
2021-12-28T00:00:00.000,346.6300048828125,352.7099914550781,345.20001220703125,346.2200012207031,345.8530578613281,16637600,META
2021-12-29T00:00:00.000,346.9100036621094,349.69000244140625,341.6400146484375,342.94000244140625,342.5765380859375,10747000,META
2021-12-30T00:00:00.000,344.0,347.2300109863281,343.2200012207031,344.3599853515625,343.9949951171875,10593300,META
2021-12-31T00:00:00.000,343.0199890136719,343.44000244140625,336.2699890136719,336.3500061035156,335.9934997558594,12870500,META
2022-01-03T00:00:00.000,338.29998779296875,341.0799865722656,337.19000244140625,338.5400085449219,338.1811828613281,14537900,META
2022-01-04T00:00:00.000,339.95001220703125,343.0899963378906,331.8699951171875,336.5299987792969,336.1733093261719,15998000,META
2022-01-05T00:00:00.000,333.0199890136719,335.760009765625,323.8399963378906,324.1700134277344,323.826416015625,20564500,META
2022-01-06T00:00:00.000,322.82000732421875,339.1700134277344,322.7200012207031,332.4599914550781,332.1076354980469,27962800,META
2022-01-07T00:00:00.000,332.739990234375,337.0,328.8800048828125,331.7900085449219,331.4383544921875,14722000,META
2022-01-10T00:00:00.000,325.3099975585937,328.3399963378906,315.42999267578125,328.07000732421875,327.7222900390625,24942400,META
2022-01-11T00:00:00.000,326.7799987792969,334.6300048828125,325.2799987792969,334.3699951171875,334.0155944824219,16226800,META
2022-01-12T00:00:00.000,335.17999267578125,336.3699951171875,330.0299987792969,333.260009765625,332.90679931640625,14104900,META
2022-01-13T00:00:00.000,334.9800109863281,335.6300048828125,325.760009765625,326.4800109863281,326.13397216796875,14797100,META
2022-01-14T00:00:00.000,321.7900085449219,332.7300109863281,321.2099914550781,331.8999938964844,331.5482177734375,16868500,META
2022-01-18T00:00:00.000,323.2900085449219,324.2099914550781,317.6400146484375,318.1499938964844,317.81280517578125,22645600,META
2022-01-19T00:00:00.000,319.5799865722656,327.1000061035156,319.3299865722656,319.5899963378906,319.2512512207031,20814700,META
2022-01-20T00:00:00.000,323.8999938964844,327.82000732421875,315.9800109863281,316.5599975585937,316.2244873046875,16925000,META
2022-01-21T00:00:00.000,314.8099975585937,318.3099975585937,303.0400085449219,303.1700134277344,302.84869384765625,28710700,META
2022-01-24T00:00:00.000,297.8399963378906,309.5299987792969,289.010009765625,308.7099914550781,308.3827819824219,38878100,META
2022-01-25T00:00:00.000,299.95001220703125,306.2300109863281,297.5799865722656,300.1499938964844,299.8318786621094,25108500,META
2022-01-26T00:00:00.000,307.010009765625,307.510009765625,290.8500061035156,294.6300048828125,294.3177185058594,28348800,META
2022-01-27T00:00:00.000,297.75,301.7099914550781,294.260009765625,294.6400146484375,294.3277282714844,21629900,META
2022-01-28T00:00:00.000,295.6199951171875,301.8999938964844,293.0299987792969,301.7099914550781,301.39019775390625,21871600,META
2022-01-31T00:00:00.000,300.67999267578125,313.7900085449219,299.32000732421875,313.260009765625,312.927978515625,21579500,META
2022-02-01T00:00:00.000,314.5599975585937,319.6600036621094,312.1199951171875,319.0,318.6618957519531,18023800,META
2022-02-02T00:00:00.000,327.82000732421875,328.0,316.8699951171875,323.0,322.6576538085937,58458300,META
2022-02-03T00:00:00.000,244.6499938964844,248.0,235.75,237.759994506836,237.50799560546875,188119900,META
2022-02-04T00:00:00.000,234.97000122070312,242.6100006103516,230.1100006103516,237.08999633789065,236.8387145996093,89342200,META
2022-02-07T00:00:00.000,237.6999969482422,238.3000030517578,224.009994506836,224.9100036621093,224.671630859375,88613800,META
2022-02-08T00:00:00.000,220.8500061035156,225.7700042724609,216.1499938964844,220.17999267578125,219.9466247558593,94729700,META
2022-02-09T00:00:00.000,224.1999969482422,233.3699951171875,222.2100067138672,232.0,231.7541046142578,86563300,META
2022-02-10T00:00:00.000,228.2700042724609,235.0,226.6999969482422,228.07000732421875,227.82827758789065,49310400,META
2022-02-11T00:00:00.000,228.4600067138672,230.4199981689453,218.7700042724609,219.5500030517578,219.3173065185547,46156900,META
2022-02-14T00:00:00.000,219.3099975585937,221.0,214.77999877929688,217.6999969482422,217.46925354003903,38184000,META
2022-02-15T00:00:00.000,220.47000122070312,221.1499938964844,215.0599975585937,221.0,220.7657623291016,42685500,META
2022-02-16T00:00:00.000,212.4100036621093,217.4600067138672,212.3600006103516,216.5399932861328,216.3104858398437,45817500,META
2022-02-17T00:00:00.000,214.0200042724609,217.5,207.1600036621093,207.7100067138672,207.48985290527344,38747500,META
2022-02-18T00:00:00.000,209.38999938964844,210.75,205.17999267578125,206.1600036621093,205.9414978027344,37128400,META
2022-02-22T00:00:00.000,202.33999633789065,207.47999572753903,200.0599975585937,202.0800018310547,201.8658142089844,39852400,META
2022-02-23T00:00:00.000,204.1600036621093,206.94000244140625,198.0500030517578,198.4499969482422,198.2396545410156,44481400,META
2022-02-24T00:00:00.000,191.0599975585937,208.3500061035156,190.22000122070312,207.6000061035156,207.3799743652344,49957200,META
2022-02-25T00:00:00.000,204.94000244140625,211.32000732421875,203.17999267578125,210.47999572753903,210.2569122314453,37627600,META
2022-02-28T00:00:00.000,207.67999267578125,213.1499938964844,206.8300018310547,211.02999877929688,210.80633544921875,34239800,META
2022-03-01T00:00:00.000,209.8699951171875,211.75,202.22000122070312,203.4900054931641,203.2743225097656,27094900,META
2022-03-02T00:00:00.000,204.77999877929688,209.1499938964844,202.0200042724609,208.1100006103516,207.8894195556641,29452100,META
2022-03-03T00:00:00.000,209.0200042724609,209.0800018310547,201.4199981689453,202.97000122070312,202.7548828125,27263500,META
2022-03-04T00:00:00.000,202.3699951171875,205.88999938964844,198.7899932861328,200.0599975585937,199.84796142578125,32130900,META
2022-03-07T00:00:00.000,200.7899932861328,200.88999938964844,187.27999877929688,187.47000122070312,187.27130126953125,38560600,META
2022-03-08T00:00:00.000,187.8500061035156,196.6999969482422,186.1100006103516,190.2899932861328,190.0883026123047,37508100,META
2022-03-09T00:00:00.000,195.7400054931641,199.1000061035156,193.9199981689453,198.5,198.28961181640625,31894700,META
2022-03-10T00:00:00.000,194.83999633789065,196.27999877929688,191.07000732421875,195.2100067138672,195.00311279296875,24853000,META
2022-03-11T00:00:00.000,192.63999938964844,193.5599975585937,186.6699981689453,187.6100006103516,187.41114807128903,34694500,META
2022-03-14T00:00:00.000,187.02999877929688,192.2899932861328,185.82000732421875,186.6300048828125,186.4322052001953,31010500,META
2022-03-15T00:00:00.000,190.8000030517578,192.27999877929688,185.9100036621093,192.02999877929688,191.8264617919922,31721700,META
2022-03-16T00:00:00.000,194.6999969482422,203.72999572753903,194.5200042724609,203.6300048828125,203.4141845703125,40640300,META
2022-03-17T00:00:00.000,201.6999969482422,208.0399932861328,201.1100006103516,207.83999633789065,207.6197052001953,29499700,META
2022-03-18T00:00:00.000,206.6999969482422,216.8000030517578,206.0,216.4900054931641,216.2605438232422,52128000,META
2022-03-21T00:00:00.000,214.5,214.7100067138672,207.6300048828125,211.4900054931641,211.265853881836,30142300,META
2022-03-22T00:00:00.000,211.3699951171875,219.4600067138672,210.17999267578125,216.6499938964844,216.4203643798828,31998800,META
2022-03-23T00:00:00.000,213.3300018310547,216.8000030517578,212.1600036621093,213.4600067138672,213.2337646484375,23717300,META
2022-03-24T00:00:00.000,215.0,220.6699981689453,214.7899932861328,219.57000732421875,219.3372802734375,31502300,META
2022-03-25T00:00:00.000,220.509994506836,225.5,218.88999938964844,221.82000732421875,221.5848999023437,40039000,META
2022-03-28T00:00:00.000,222.1300048828125,224.0399932861328,219.5399932861328,223.58999633789065,223.3530120849609,26224100,META
2022-03-29T00:00:00.000,226.07000732421875,230.88999938964844,225.2899932861328,229.8600006103516,229.6163787841797,31417900,META
2022-03-30T00:00:00.000,228.9100036621093,231.1499938964844,226.7100067138672,227.8500061035156,227.60850524902344,25588000,META
2022-03-31T00:00:00.000,228.4499969482422,228.4900054931641,222.259994506836,222.3600006103516,222.12432861328125,24192300,META
2022-04-01T00:00:00.000,224.5500030517578,227.27999877929688,222.6999969482422,224.8500061035156,224.6116943359375,19544800,META
2022-04-04T00:00:00.000,225.97999572753903,234.3500061035156,225.8600006103516,233.88999938964844,233.64210510253903,28054800,META
2022-04-05T00:00:00.000,234.0800018310547,236.8600006103516,231.0200042724609,231.83999633789065,231.59426879882807,29727200,META
2022-04-06T00:00:00.000,226.9100036621093,228.9900054931641,221.4100036621093,223.3000030517578,223.0633239746093,28995100,META
2022-04-07T00:00:00.000,223.92999267578125,225.5200042724609,218.5599975585937,222.9499969482422,222.7136993408203,21037200,META
2022-04-08T00:00:00.000,222.3800048828125,225.1300048828125,220.02999877929688,222.3300018310547,222.0943603515625,18375700,META
2022-04-11T00:00:00.000,218.4199981689453,220.6100006103516,215.22000122070312,216.4600067138672,216.23057556152344,20516600,META
2022-04-12T00:00:00.000,220.2400054931641,222.02999877929688,213.1300048828125,214.13999938964844,213.9130401611328,20128800,META
2022-04-13T00:00:00.000,211.82000732421875,216.6100006103516,211.3300018310547,214.9900054931641,214.7621459960937,19231800,META
2022-04-14T00:00:00.000,214.88999938964844,214.9900054931641,210.0,210.17999267578125,209.9572296142578,18379500,META
2022-04-18T00:00:00.000,210.0,213.3800048828125,208.3000030517578,210.7700042724609,210.546615600586,16580800,META
2022-04-19T00:00:00.000,210.5200042724609,218.42999267578125,209.0,217.3099975585937,217.0796661376953,20089900,META
2022-04-20T00:00:00.000,213.6100006103516,214.1600036621093,198.9199981689453,200.4199981689453,200.20758056640625,43036500,META
2022-04-21T00:00:00.000,201.6000061035156,202.97000122070312,185.5800018310547,188.07000732421875,187.87066650390625,49954100,META
2022-04-22T00:00:00.000,190.3699951171875,192.72000122070312,183.2700042724609,184.1100006103516,183.9148712158203,36426800,META
2022-04-25T00:00:00.000,182.72999572753903,187.17999267578125,181.6600036621093,186.9900054931641,186.79180908203125,29281100,META
2022-04-26T00:00:00.000,186.6300048828125,187.19000244140625,179.5,180.9499969482422,180.7582092285156,31747400,META
2022-04-27T00:00:00.000,174.42999267578125,181.2100067138672,169.0,174.9499969482422,174.7645721435547,71062900,META
2022-04-28T00:00:00.000,202.9199981689453,208.52999877929688,192.8999938964844,205.72999572753903,205.511947631836,100890600,META
2022-04-29T00:00:00.000,204.4600067138672,212.47999572753903,199.8999938964844,200.47000122070312,200.2575225830078,49193400,META
2022-05-02T00:00:00.000,201.1699981689453,211.8800048828125,200.9900054931641,211.1300048828125,210.9062347412109,49915300,META
2022-05-03T00:00:00.000,210.4499969482422,214.8999938964844,208.08999633789065,212.02999877929688,211.8052673339844,41556300,META
2022-05-04T00:00:00.000,210.6499938964844,224.3000030517578,206.9600067138672,223.4100036621093,223.1732177734375,41375900,META
2022-05-05T00:00:00.000,218.7400054931641,220.1699981689453,206.1600036621093,208.27999877929688,208.0592498779297,41129200,META
2022-05-06T00:00:00.000,207.33999633789065,209.3800048828125,201.0200042724609,203.7700042724609,203.5540313720703,34747200,META
2022-05-09T00:00:00.000,199.83999633789065,202.57000732421875,195.5800018310547,196.2100067138672,196.0020446777344,36303200,META
2022-05-10T00:00:00.000,199.509994506836,202.9600067138672,194.19000244140625,197.6499938964844,197.4405059814453,34452500,META
2022-05-11T00:00:00.000,196.3300018310547,200.6699981689453,188.2700042724609,188.7400054931641,188.5399627685547,31153400,META
2022-05-12T00:00:00.000,187.0599975585937,198.0500030517578,184.77999877929688,191.2400054931641,191.0373077392578,38262200,META
2022-05-13T00:00:00.000,192.5800018310547,199.88999938964844,191.27999877929688,198.6199951171875,198.40948486328125,24549800,META
2022-05-16T00:00:00.000,197.0500030517578,205.3699951171875,195.92999267578125,200.0399932861328,199.8279724121093,27112600,META
2022-05-17T00:00:00.000,202.1199951171875,205.4600067138672,198.3600006103516,202.6199951171875,202.40524291992188,24872700,META
2022-05-18T00:00:00.000,200.0,201.0,191.6300048828125,192.2400054931641,192.0362548828125,23960000,META
2022-05-19T00:00:00.000,191.1999969482422,195.2899932861328,189.6000061035156,191.2899932861328,191.0872497558593,24446900,META
2022-05-20T00:00:00.000,194.97000122070312,197.9100036621093,187.8699951171875,193.5399932861328,193.3348693847656,31465600,META
2022-05-23T00:00:00.000,195.19000244140625,196.9900054931641,191.2400054931641,196.22999572753903,196.0220184326172,25059200,META
2022-05-24T00:00:00.000,180.5500030517578,183.67999267578125,176.11000061035156,181.27999877929688,181.08786010742188,50406300,META
2022-05-25T00:00:00.000,180.3999938964844,185.4499969482422,179.32000732421875,183.8300018310547,183.6351623535156,28030200,META
2022-05-26T00:00:00.000,182.8800048828125,192.8300018310547,182.259994506836,191.6300048828125,191.4268951416016,23056500,META
2022-05-27T00:00:00.000,191.3600006103516,195.3300018310547,189.8000030517578,195.1300048828125,194.9231872558593,22562700,META
2022-05-31T00:00:00.000,194.88999938964844,197.6000061035156,192.009994506836,193.63999938964844,193.4347686767578,26131100,META
2022-06-01T00:00:00.000,196.509994506836,199.52999877929688,185.0,188.63999938964844,188.4400634765625,36623500,META
2022-06-02T00:00:00.000,188.4499969482422,200.94000244140625,187.72999572753903,198.8600006103516,198.64923095703125,31951600,META
2022-06-03T00:00:00.000,195.97999572753903,196.6100006103516,189.77999877929688,190.77999877929688,190.57778930664065,19465000,META
2022-06-06T00:00:00.000,193.9900054931641,196.9199981689453,188.3999938964844,194.25,194.0441131591797,30574200,META
2022-06-07T00:00:00.000,191.92999267578125,196.52999877929688,191.4900054931641,195.6499938964844,195.442626953125,18828700,META
2022-06-08T00:00:00.000,194.6699981689453,202.02999877929688,194.4100036621093,196.63999938964844,196.4315795898437,22267200,META
2022-06-09T00:00:00.000,194.27999877929688,199.4499969482422,183.67999267578125,184.0,183.8049774169922,23501600,META
2022-06-10T00:00:00.000,183.0399932861328,183.1000061035156,175.02000427246094,175.57000732421875,175.38392639160156,27450800,META
2022-06-13T00:00:00.000,170.58999633789062,172.5800018310547,164.02999877929688,164.25999450683594,164.0858917236328,31749300,META
2022-06-14T00:00:00.000,166.02999877929688,166.75,161.36000061035156,163.72999572753906,163.55645751953125,27244300,META
2022-06-15T00:00:00.000,167.1999969482422,172.16000366210938,163.97999572753906,169.35000610351562,169.17051696777344,30008300,META
2022-06-16T00:00:00.000,163.72000122070312,165.0800018310547,159.61000061035156,160.8699951171875,160.69949340820312,26944100,META
2022-06-17T00:00:00.000,161.67999267578125,165.89999389648438,159.89999389648438,163.74000549316406,163.5664520263672,31374200,META
2022-06-21T00:00:00.000,165.92999267578125,167.75999450683594,155.97000122070312,157.0500030517578,156.883544921875,50724900,META
2022-06-22T00:00:00.000,158.3800048828125,160.7899932861328,155.44000244140625,155.85000610351562,155.68482971191406,47267800,META
2022-06-23T00:00:00.000,156.27000427246094,159.75,154.25,158.75,158.5817413330078,40499200,META
2022-06-24T00:00:00.000,161.72999572753906,170.25,161.3000030517578,170.16000366210938,169.9796600341797,68736000,META
2022-06-27T00:00:00.000,171.32000732421875,171.75,168.00999450683594,169.49000549316406,169.31036376953125,29174600,META
2022-06-28T00:00:00.000,169.89999389648438,171.3000030517578,160.61000061035156,160.67999267578125,160.5096893310547,27744500,META
2022-06-29T00:00:00.000,163.57000732421875,166.3300018310547,160.32000732421875,163.94000244140625,163.76625061035156,28595200,META
2022-06-30T00:00:00.000,162.14999389648438,165.22999572753906,158.49000549316406,161.25,161.07908630371094,35250600,META
2022-07-01T00:00:00.000,160.30999755859375,160.6199951171875,155.0,160.02999877929688,159.86038208007812,31423900,META
2022-07-05T00:00:00.000,158.13999938964844,168.25,157.02000427246094,168.19000244140625,168.01173400878906,28618600,META
2022-07-06T00:00:00.000,168.1999969482422,171.58999633789062,165.4600067138672,169.77000427246094,169.59007263183594,23085900,META
2022-07-07T00:00:00.000,169.4499969482422,172.72000122070312,167.77999877929688,172.19000244140625,172.00750732421875,24083400,META
2022-07-08T00:00:00.000,169.97999572753906,172.39999389648438,168.14999389648438,170.8800048828125,170.6988983154297,19249200,META
2022-07-11T00:00:00.000,167.07000732421875,167.49000549316406,161.91000366210938,162.8800048828125,162.70736694335938,21885600,META
2022-07-12T00:00:00.000,164.8000030517578,165.91000366210938,162.10000610351562,163.27000427246094,163.09695434570312,16639700,META
2022-07-13T00:00:00.000,160.16000366210938,164.97999572753906,159.61000061035156,163.49000549316406,163.3167266845703,16555100,META
2022-07-14T00:00:00.000,161.22000122070312,162.58999633789062,157.27999877929688,158.0500030517578,157.8824920654297,23765200,META
2022-07-15T00:00:00.000,160.5399932861328,164.97999572753906,159.82000732421875,164.6999969482422,164.5254364013672,23342800,META
2022-07-18T00:00:00.000,166.75,171.69000244140625,165.63999938964844,167.22999572753906,167.05274963378906,23574300,META
2022-07-19T00:00:00.000,170.3699951171875,176.49000549316406,169.50999450683594,175.77999877929688,175.59368896484375,25933700,META
2022-07-20T00:00:00.000,177.49000549316406,183.6000061035156,176.6999969482422,183.08999633789065,182.8959350585937,24784300,META
2022-07-21T00:00:00.000,180.6300048828125,183.8500061035156,178.8699951171875,183.1699981689453,182.97586059570312,27195800,META
2022-07-22T00:00:00.000,173.07000732421875,175.60000610351562,168.41000366210938,169.27000427246094,169.09059143066406,42583900,META
2022-07-25T00:00:00.000,169.0,170.57000732421875,164.80999755859375,166.64999389648438,166.47335815429688,26166300,META
2022-07-26T00:00:00.000,165.94000244140625,166.0,157.9499969482422,159.14999389648438,158.98130798339844,28468400,META
2022-07-27T00:00:00.000,162.58999633789062,170.8699951171875,162.02000427246094,169.5800018310547,169.4002685546875,43846600,META
2022-07-28T00:00:00.000,161.05999755859375,161.50999450683594,154.85000610351562,160.72000122070312,160.54965209960938,73214300,META
2022-07-29T00:00:00.000,157.69000244140625,160.13999938964844,155.1699981689453,159.10000610351562,158.93138122558594,42065400,META
2022-08-01T00:00:00.000,157.25,165.19000244140625,155.22999572753906,159.92999267578125,159.76048278808594,40596700,META
2022-08-02T00:00:00.000,158.30999755859375,162.24000549316406,158.00999450683594,160.19000244140625,160.0202178955078,27374500,META
2022-08-03T00:00:00.000,162.69000244140625,169.5399932861328,161.57000732421875,168.8000030517578,168.62109375,31721900,META
2022-08-04T00:00:00.000,168.3000030517578,172.14999389648438,166.8000030517578,170.57000732421875,170.38922119140625,23938200,META
2022-08-05T00:00:00.000,166.99000549316406,171.61000061035156,165.8000030517578,167.11000061035156,166.93287658691406,25832700,META
2022-08-08T00:00:00.000,168.0,177.50999450683594,167.1300048828125,170.25,170.06954956054688,27299100,META
2022-08-09T00:00:00.000,168.9499969482422,169.52999877929688,166.60000610351562,168.52999877929688,168.35137939453125,18655100,META
2022-08-10T00:00:00.000,175.99000549316406,180.47999572753903,173.9499969482422,178.33999633789062,178.15097045898438,30262100,META
2022-08-11T00:00:00.000,179.7100067138672,183.1000061035156,176.3699951171875,177.49000549316406,177.3018798828125,24079100,META
2022-08-12T00:00:00.000,180.8099975585937,181.4600067138672,178.91000366210938,180.5,180.3086853027344,21274000,META
2022-08-15T00:00:00.000,178.9600067138672,181.44000244140625,178.1999969482422,180.88999938964844,180.69827270507807,15878700,META
2022-08-16T00:00:00.000,179.44000244140625,180.9900054931641,177.0399932861328,179.47000122070312,179.27978515625,21156700,META
2022-08-17T00:00:00.000,176.75999450683594,178.13999938964844,174.1699981689453,174.85000610351562,174.66468811035156,20118100,META
2022-08-18T00:00:00.000,174.33999633789062,175.75999450683594,171.86000061035156,174.66000366210938,174.47488403320312,18844500,META
2022-08-19T00:00:00.000,170.1999969482422,172.32000732421875,167.0500030517578,167.9600067138672,167.781982421875,26240800,META
2022-08-22T00:00:00.000,165.49000549316406,165.49000549316406,162.25999450683594,163.0500030517578,162.87718200683594,19499700,META
2022-08-23T00:00:00.000,162.47999572753906,165.0500030517578,160.6999969482422,161.11000061035156,160.93923950195312,18111800,META
2022-08-24T00:00:00.000,160.60000610351562,165.4600067138672,159.77000427246094,163.25999450683594,163.0869598388672,20891500,META
2022-08-25T00:00:00.000,165.17999267578125,168.8800048828125,164.02000427246094,168.77999877929688,168.60110473632812,15550500,META
2022-08-26T00:00:00.000,168.47999572753906,170.9199981689453,161.6699981689453,161.77999877929688,161.60853576660156,24023600,META
2022-08-29T00:00:00.000,160.66000366210938,163.0500030517578,159.00999450683594,159.1699981689453,159.0012969970703,20052700,META
2022-08-30T00:00:00.000,160.35000610351562,161.66000366210938,155.91000366210938,157.16000366210938,156.99343872070312,19567900,META
2022-08-31T00:00:00.000,167.07000732421875,167.83999633789062,162.13999938964844,162.92999267578125,162.75730895996094,40953000,META
2022-09-01T00:00:00.000,163.5800018310547,167.36000061035156,160.35000610351562,165.36000061035156,165.1847381591797,30145700,META
2022-09-02T00:00:00.000,167.4499969482422,167.92999267578125,159.22000122070312,160.32000732421875,160.15008544921875,22634200,META
2022-09-06T00:00:00.000,160.10000610351562,161.69000244140625,157.69000244140625,158.5399932861328,158.37196350097656,19339800,META
2022-09-07T00:00:00.000,157.75999450683594,160.9600067138672,156.80999755859375,160.38999938964844,160.22000122070312,16831200,META
2022-09-08T00:00:00.000,158.7100067138672,162.22999572753906,157.74000549316406,162.05999755859375,161.8882293701172,22530800,META
2022-09-09T00:00:00.000,163.25,169.5399932861328,163.02000427246094,169.14999389648438,168.97071838378906,22086800,META
2022-09-12T00:00:00.000,167.38999938964844,171.38999938964844,167.27999877929688,168.9600067138672,168.7809295654297,23220400,META
2022-09-13T00:00:00.000,161.5399932861328,161.6300048828125,152.6699981689453,153.1300048828125,152.9676971435547,44444100,META
2022-09-14T00:00:00.000,153.3300018310547,153.5399932861328,149.0500030517578,151.47000122070312,151.30946350097656,43064200,META
2022-09-15T00:00:00.000,149.8000030517578,154.1999969482422,148.6999969482422,149.5500030517578,149.39149475097656,34606300,META
2022-09-16T00:00:00.000,148.0500030517578,148.5800018310547,144.2899932861328,146.2899932861328,146.13494873046875,40122800,META
2022-09-19T00:00:00.000,145.24000549316406,148.5800018310547,145.10000610351562,148.02000427246094,147.8631134033203,22169500,META
2022-09-20T00:00:00.000,145.77999877929688,148.83999633789062,145.22000122070312,146.08999633789062,145.93515014648438,23217400,META
2022-09-21T00:00:00.000,146.38999938964844,149.60000610351562,142.0,142.1199951171875,141.9693603515625,38338600,META
2022-09-22T00:00:00.000,141.5500030517578,144.5800018310547,140.8699951171875,142.82000732421875,142.66864013671875,34418500,META
2022-09-23T00:00:00.000,141.4199981689453,142.6199951171875,138.88999938964844,140.41000366210938,140.2611846923828,31710700,META
2022-09-26T00:00:00.000,140.1199951171875,142.24000549316406,136.19000244140625,136.3699951171875,136.2254638671875,30497000,META
2022-09-27T00:00:00.000,137.9199981689453,139.4199981689453,134.1199951171875,134.39999389648438,134.25753784179688,30826500,META
2022-09-28T00:00:00.000,134.6199951171875,142.02999877929688,134.27000427246094,141.61000061035156,141.4599151611328,32658500,META
2022-09-29T00:00:00.000,139.36000061035156,139.83999633789062,135.1999969482422,136.41000366210938,136.2654266357422,38985400,META
2022-09-30T00:00:00.000,136.0500030517578,140.99000549316406,135.5,135.67999267578125,135.53619384765625,33166400,META
2022-10-03T00:00:00.000,137.13999938964844,139.6199951171875,136.10000610351562,138.61000061035156,138.4630889892578,27723100,META
2022-10-04T00:00:00.000,140.49000549316406,142.38999938964844,139.33999633789062,140.27999877929688,140.13131713867188,34670700,META
2022-10-05T00:00:00.000,138.24000549316406,140.2100067138672,134.77999877929688,138.97999572753906,138.8326873779297,27979300,META
2022-10-06T00:00:00.000,137.72000122070312,141.4499969482422,136.60000610351562,139.07000732421875,138.922607421875,36231100,META
2022-10-07T00:00:00.000,136.75999450683594,138.2899932861328,132.44000244140625,133.4499969482422,133.3085479736328,33214800,META
2022-10-10T00:00:00.000,133.5500030517578,136.11000061035156,131.8699951171875,133.7899932861328,133.648193359375,24024000,META
2022-10-11T00:00:00.000,131.6199951171875,132.66000366210938,126.98999786376952,128.5399932861328,128.40374755859375,38481400,META
2022-10-12T00:00:00.000,128.32000732421875,129.6699981689453,126.25,127.5,127.36486053466795,34605200,META
2022-10-13T00:00:00.000,123.52999877929688,131.13999938964844,122.52999877929688,130.2899932861328,130.1519012451172,34325700,META
2022-10-14T00:00:00.000,131.0,131.7899932861328,126.5199966430664,126.76000213623048,126.62564849853516,23559400,META
2022-10-17T00:00:00.000,130.3000030517578,134.7899932861328,130.17999267578125,134.0399932861328,133.89791870117188,29612200,META
2022-10-18T00:00:00.000,137.08999633789062,137.83999633789062,131.39999389648438,132.8000030517578,132.6592559814453,25445000,META
2022-10-19T00:00:00.000,132.88999938964844,137.0,132.22000122070312,133.22999572753906,133.0887908935547,30691000,META
2022-10-20T00:00:00.000,132.92999267578125,136.77000427246094,131.30999755859375,131.52999877929688,131.39059448242188,26356300,META
2022-10-21T00:00:00.000,126.30999755859376,130.1199951171875,125.44000244140624,130.00999450683594,129.8721923828125,46348600,META
2022-10-24T00:00:00.000,127.25,133.47999572753906,124.56999969482422,129.72000122070312,129.58251953125,63563400,META
2022-10-25T00:00:00.000,130.8800048828125,138.35000610351562,130.58999633789062,137.50999450683594,137.36424255371094,38433200,META
2022-10-26T00:00:00.000,131.67999267578125,135.5500030517578,128.52999877929688,129.82000732421875,129.6824188232422,82791500,META
2022-10-27T00:00:00.000,97.9800033569336,102.5,96.37999725341795,97.94000244140624,97.83619689941406,232316600,META
2022-10-28T00:00:00.000,99.58000183105467,100.8499984741211,97.51000213623048,99.1999969482422,99.09485626220705,95928300,META
2022-10-31T00:00:00.000,98.22000122070312,99.31999969482422,92.5999984741211,93.16000366210938,93.06126403808594,121361400,META
2022-11-01T00:00:00.000,94.33000183105467,97.48999786376952,93.5500030517578,95.1999969482422,95.0990982055664,110189600,META
2022-11-02T00:00:00.000,94.20999908447266,95.1999969482422,90.4800033569336,90.54000091552734,90.44403839111328,71821100,META
2022-11-03T00:00:00.000,90.08000183105467,90.45999908447266,88.41000366210938,88.91000366210938,88.81576538085938,60664000,META
2022-11-04T00:00:00.000,90.3499984741211,91.38999938964844,88.08999633789062,90.79000091552734,90.69377136230467,55638100,META
2022-11-07T00:00:00.000,94.77999877929688,96.87999725341795,93.0999984741211,96.72000122070312,96.61748504638672,81987300,META
2022-11-08T00:00:00.000,95.91999816894533,97.8000030517578,94.79000091552734,96.47000122070312,96.36775207519533,52088300,META
2022-11-09T00:00:00.000,101.72000122070312,104.9000015258789,100.73999786376952,101.47000122070312,101.36245727539062,107677300,META
2022-11-10T00:00:00.000,107.12000274658205,112.75,104.61000061035156,111.87000274658205,111.75143432617188,80671000,META
2022-11-11T00:00:00.000,109.2300033569336,114.9000015258789,108.80999755859376,113.0199966430664,112.90020751953124,59961700,META
2022-11-14T00:00:00.000,110.98999786376952,116.2699966430664,110.8000030517578,114.22000122070312,114.09893798828124,53395000,META
2022-11-15T00:00:00.000,116.06999969482422,118.73999786376952,114.41000366210938,117.08000183105467,116.9559097290039,50670500,META
2022-11-16T00:00:00.000,114.5,116.08000183105467,112.66000366210938,113.2300033569336,113.10999298095705,33287800,META
2022-11-17T00:00:00.000,110.41000366210938,112.33000183105467,109.8000030517578,111.4499969482422,111.33187103271484,35093800,META
2022-11-18T00:00:00.000,113.8000030517578,114.31999969482422,110.62000274658205,112.0500030517578,111.93124389648438,33357700,META
2022-11-21T00:00:00.000,111.5199966430664,112.37000274658205,109.19000244140624,109.86000061035156,109.74356079101562,24351100,META
2022-11-22T00:00:00.000,109.86000061035156,111.62000274658205,108.31999969482422,111.44000244140624,111.32189178466795,29029000,META
2022-11-23T00:00:00.000,111.72000122070312,112.66999816894533,110.7300033569336,112.23999786376952,112.12103271484376,21343100,META
2022-11-25T00:00:00.000,111.3000030517578,112.7300033569336,111.0199966430664,111.41000366210938,111.29192352294922,12007600,META
2022-11-28T00:00:00.000,110.77999877929688,112.04000091552734,108.37999725341795,108.77999877929688,108.66470336914062,23309400,META
2022-11-29T00:00:00.000,109.54000091552734,110.94000244140624,108.54000091552734,109.45999908447266,109.34398651123048,23899200,META
2022-11-30T00:00:00.000,109.51000213623048,118.16000366210938,109.37999725341795,118.0999984741211,117.97482299804688,43348600,META
2022-12-01T00:00:00.000,119.1999969482422,121.1999969482422,118.4000015258789,120.44000244140624,120.31234741210938,36551400,META
2022-12-02T00:00:00.000,117.83000183105467,124.04000091552734,117.61000061035156,123.48999786376952,123.35911560058594,39950500,META
2022-12-05T00:00:00.000,121.75,124.66999816894533,121.3499984741211,122.43000030517578,122.30023956298828,35474900,META
2022-12-06T00:00:00.000,119.91000366210938,120.5500030517578,113.73999786376952,114.12000274658205,113.9990463256836,43689200,META
2022-12-07T00:00:00.000,113.76000213623048,115.87999725341795,112.87999725341795,113.93000030517578,113.80924987792967,29461100,META
2022-12-08T00:00:00.000,116.38999938964844,117.33999633789062,114.58999633789062,115.33000183105467,115.207763671875,30619400,META
2022-12-09T00:00:00.000,115.3000030517578,117.54000091552734,113.87000274658205,115.9000015258789,115.77716064453124,26033400,META
2022-12-12T00:00:00.000,115.18000030517578,115.72000122070312,113.13999938964844,114.70999908447266,114.58841705322266,24747100,META
2022-12-13T00:00:00.000,122.12999725341795,123.3000030517578,118.63999938964844,120.1500015258789,120.0226593017578,44701100,META
2022-12-14T00:00:00.000,119.38999938964844,124.13999938964844,119.38999938964844,121.58999633789062,121.46112060546876,36922000,META
2022-12-15T00:00:00.000,118.33000183105467,118.62999725341795,114.01000213623048,116.1500015258789,116.02689361572266,34531000,META
2022-12-16T00:00:00.000,120.2300033569336,123.30999755859376,118.81999969482422,119.43000030517578,119.3034210205078,67064000,META
2022-12-19T00:00:00.000,116.83000183105467,117.8000030517578,114.33000183105467,114.4800033569336,114.3586654663086,29769900,META
2022-12-20T00:00:00.000,113.26000213623048,117.33000183105467,112.45999908447266,117.08999633789062,116.96589660644533,28742500,META
2022-12-21T00:00:00.000,116.6999969482422,120.33999633789062,115.62000274658205,119.76000213623048,119.63307189941406,20392800,META
2022-12-22T00:00:00.000,117.1999969482422,118.62000274658205,114.37999725341795,117.12000274658205,116.99586486816406,23618100,META
2022-12-23T00:00:00.000,116.02999877929688,118.18000030517578,115.54000091552734,118.04000091552734,117.9148941040039,17796600,META
2022-12-27T00:00:00.000,117.93000030517578,118.5999984741211,116.0500030517578,116.87999725341795,116.75611877441406,21392300,META
2022-12-28T00:00:00.000,116.25,118.1500015258789,115.51000213623048,115.62000274658205,115.4974594116211,19612500,META
2022-12-29T00:00:00.000,116.4000015258789,121.02999877929688,115.7699966430664,120.26000213623048,120.13253784179688,22366200,META
2022-12-30T00:00:00.000,118.16000366210938,120.41999816894533,117.73999786376952,120.33999633789062,120.2124481201172,19583800,META
2023-01-03T00:00:00.000,122.81999969482422,126.37000274658205,122.27999877929688,124.73999786376952,124.6077880859375,35528500,META
2023-01-04T00:00:00.000,127.37999725341795,129.0500030517578,125.8499984741211,127.37000274658205,127.2350082397461,32397100,META
2023-01-05T00:00:00.000,126.12999725341795,128.52000427246094,124.54000091552734,126.94000244140624,126.80545806884766,25447100,META
2023-01-06T00:00:00.000,128.97000122070312,130.3300018310547,126.04000091552734,130.02000427246094,129.8822021484375,27584500,META
2023-01-09T00:00:00.000,131.16000366210938,132.9499969482422,129.27999877929688,129.47000122070312,129.33277893066406,26649100,META
2023-01-10T00:00:00.000,127.2699966430664,133.44000244140625,127.1500015258789,132.99000549316406,132.8490447998047,28684400,META
2023-01-11T00:00:00.000,130.9600067138672,133.85000610351562,130.33999633789062,132.88999938964844,132.7491455078125,25423000,META
2023-01-12T00:00:00.000,133.44000244140625,137.67999267578125,131.75999450683594,136.7100067138672,136.5651092529297,30757700,META
2023-01-13T00:00:00.000,134.97000122070312,137.38999938964844,134.83999633789062,136.97999572753906,136.83480834960938,22423800,META
2023-01-17T00:00:00.000,136.17999267578125,136.75,134.25,135.36000061035156,135.21653747558594,21147600,META
2023-01-18T00:00:00.000,135.80999755859375,137.25,132.8000030517578,133.02000427246094,132.87901306152344,20215500,META
2023-01-19T00:00:00.000,132.49000549316406,137.4499969482422,132.13999938964844,136.14999389648438,136.0056915283203,28625200,META
2023-01-20T00:00:00.000,135.88999938964844,139.94000244140625,134.61000061035156,139.3699951171875,139.22227478027344,28688600,META
2023-01-23T00:00:00.000,139.2899932861328,143.75999450683594,138.66000366210938,143.27000427246094,143.11814880371094,27470100,META
2023-01-24T00:00:00.000,141.69000244140625,145.0,141.36000061035156,143.13999938964844,142.98828125,21970200,META
2023-01-25T00:00:00.000,141.22000122070312,143.1699981689453,140.30999755859375,141.5,141.3500213623047,26622000,META
2023-01-26T00:00:00.000,144.39999389648438,147.50999450683594,143.3000030517578,147.3000030517578,147.1438751220703,25482100,META
2023-01-27T00:00:00.000,148.24000549316406,153.19000244140625,147.38999938964844,151.74000549316406,151.5791778564453,35771900,META
2023-01-30T00:00:00.000,149.41000366210938,151.1199951171875,146.9499969482422,147.05999755859375,146.9041290283203,28040100,META
2023-01-31T00:00:00.000,147.9499969482422,149.8800048828125,147.52000427246094,148.97000122070312,148.81210327148438,29842100,META
2023-02-01T00:00:00.000,148.02999877929688,153.5800018310547,147.05999755859375,153.1199951171875,152.95770263671875,55661000,META
2023-02-02T00:00:00.000,183.3800048828125,197.1600036621093,180.1600036621093,188.7700042724609,188.56993103027344,150475700,META
2023-02-03T00:00:00.000,183.47000122070312,196.7700042724609,182.88999938964844,186.52999877929688,186.3322906494141,76809700,META
2023-02-06T00:00:00.000,186.52999877929688,190.6999969482422,185.5200042724609,186.0599975585937,185.86279296875,42483800,META
2023-02-07T00:00:00.000,185.5800018310547,193.77999877929688,184.3999938964844,191.6199951171875,191.4169006347656,47080700,META
2023-02-08T00:00:00.000,190.0,190.8300018310547,182.9199981689453,183.42999267578125,183.235580444336,36139100,META
2023-02-09T00:00:00.000,186.1300048828125,186.6499938964844,177.27000427246094,177.9199981689453,177.73143005371094,37118800,META
2023-02-10T00:00:00.000,176.35000610351562,178.88999938964844,173.35000610351562,174.14999389648438,173.9654083251953,33433600,META
2023-02-13T00:00:00.000,178.22000122070312,181.0,175.82000732421875,179.42999267578125,179.2398223876953,31463200,META
2023-02-14T00:00:00.000,177.16000366210938,181.509994506836,175.8800048828125,179.47999572753906,179.28976440429688,24034600,META
2023-02-15T00:00:00.000,176.4199981689453,178.19000244140625,175.3300018310547,177.16000366210938,176.97222900390625,25308900,META
2023-02-16T00:00:00.000,172.75,175.85000610351562,171.7899932861328,172.44000244140625,172.25723266601562,25827500,META
2023-02-17T00:00:00.000,170.22000122070312,173.17999267578125,169.6999969482422,172.8800048828125,172.69677734375,24171300,META
2023-02-21T00:00:00.000,174.30999755859375,178.1699981689453,171.8800048828125,172.0800018310547,171.89761352539062,34592600,META
2023-02-22T00:00:00.000,171.07000732421875,172.75999450683594,169.69000244140625,171.1199951171875,170.93862915039062,22433200,META
2023-02-23T00:00:00.000,172.0,173.69000244140625,169.3800048828125,172.0399932861328,171.85765075683594,20017800,META
2023-02-24T00:00:00.000,168.63999938964844,170.72000122070312,167.66000366210938,170.38999938964844,170.20941162109375,19791300,META
2023-02-27T00:00:00.000,171.8800048828125,173.1199951171875,169.05999755859375,169.5399932861328,169.3603057861328,19277000,META
2023-02-28T00:00:00.000,171.89999389648438,177.5500030517578,171.8699951171875,174.94000244140625,174.7545928955078,46051100,META
2023-03-01T00:00:00.000,174.58999633789062,177.85000610351562,173.0500030517578,173.4199981689453,173.23619079589844,30998400,META
2023-03-02T00:00:00.000,172.3800048828125,175.00999450683594,171.42999267578125,174.52999877929688,174.3450164794922,17352000,META
2023-03-03T00:00:00.000,178.9199981689453,186.6199951171875,177.0500030517578,185.25,185.0536499023437,45877700,META
2023-03-06T00:00:00.000,188.0,189.6600036621093,184.63999938964844,184.8999938964844,184.7040252685547,33209400,META
2023-03-07T00:00:00.000,189.0,190.3600006103516,184.009994506836,184.509994506836,184.3144378662109,36701500,META
2023-03-08T00:00:00.000,182.8699951171875,185.259994506836,181.33999633789065,184.97000122070312,184.77395629882807,19432400,META
2023-03-09T00:00:00.000,186.3500061035156,188.92999267578125,180.3000030517578,181.69000244140625,181.4974365234375,26582800,META
2023-03-10T00:00:00.000,181.009994506836,184.7700042724609,178.8000030517578,179.50999450683594,179.31973266601562,25665000,META
2023-03-13T00:00:00.000,177.9600067138672,183.77999877929688,174.82000732421875,180.8999938964844,180.7082672119141,24728000,META
2023-03-14T00:00:00.000,187.5800018310547,194.32000732421875,186.5599975585937,194.0200042724609,193.8143615722656,41642600,META
2023-03-15T00:00:00.000,192.9499969482422,197.77999877929688,190.83999633789065,197.75,197.5404052734375,42123600,META
2023-03-16T00:00:00.000,198.259994506836,205.759994506836,196.08999633789065,204.92999267578125,204.71278381347656,50447100,META
2023-03-17T00:00:00.000,200.5599975585937,201.8999938964844,195.42999267578125,195.6100006103516,195.4026794433593,50141100,META
2023-03-20T00:00:00.000,198.47999572753903,199.3600006103516,193.63999938964844,197.8099975585937,197.600341796875,25186300,META
2023-03-21T00:00:00.000,203.1999969482422,203.5500030517578,197.9499969482422,202.1600036621093,201.9457397460937,31827000,META
2023-03-22T00:00:00.000,202.5,207.3699951171875,199.6699981689453,199.8099975585937,199.5982208251953,28477800,META
2023-03-23T00:00:00.000,202.83999633789065,207.8800048828125,202.1499938964844,204.27999877929688,204.06349182128903,27389700,META
2023-03-24T00:00:00.000,205.17999267578125,207.5800018310547,203.5500030517578,206.009994506836,205.7916412353516,27716400,META
2023-03-27T00:00:00.000,204.8099975585937,205.8600006103516,201.3600006103516,202.83999633789065,202.62501525878903,18527200,META
2023-03-28T00:00:00.000,200.1499938964844,201.02999877929688,197.8999938964844,200.67999267578125,200.46730041503903,19127300,META
2023-03-29T00:00:00.000,203.5599975585937,205.72000122070312,202.5399932861328,205.3500061035156,205.13235473632807,18851100,META
2023-03-30T00:00:00.000,203.3800048828125,208.08999633789065,202.82000732421875,207.83999633789065,207.6197052001953,22608300,META
2023-03-31T00:00:00.000,207.2400054931641,212.1699981689453,206.7700042724609,211.94000244140625,211.71536254882807,25440300,META
2023-04-03T00:00:00.000,208.83999633789065,213.4900054931641,208.1999969482422,213.07000732421875,212.8441772460937,17924600,META
2023-04-04T00:00:00.000,213.38999938964844,216.2400054931641,212.5399932861328,214.72000122070312,214.492416381836,21026400,META
2023-04-05T00:00:00.000,214.1499938964844,215.19000244140625,209.94000244140625,211.47999572753903,211.2558441162109,19396600,META
2023-04-06T00:00:00.000,209.25,216.94000244140625,208.6499938964844,216.1000061035156,215.87095642089844,26104400,META
2023-04-10T00:00:00.000,214.7100067138672,215.6600036621093,210.6600036621093,214.75,214.5223846435547,16106100,META
2023-04-11T00:00:00.000,215.47999572753903,216.0200042724609,213.4100036621093,213.8500061035156,213.62335205078125,16710100,META
2023-04-12T00:00:00.000,214.83999633789065,216.83999633789065,212.5800018310547,214.0,213.773178100586,18972200,META
2023-04-13T00:00:00.000,215.72999572753903,221.1499938964844,215.69000244140625,220.3500061035156,220.116455078125,23310400,META
2023-04-14T00:00:00.000,217.8800048828125,222.1100006103516,217.5500030517578,221.4900054931641,221.2552490234375,21591200,META
2023-04-17T00:00:00.000,219.7899932861328,220.97999572753903,217.1300048828125,218.8600006103516,218.62803649902344,15481900,META
2023-04-18T00:00:00.000,219.9100036621093,220.44000244140625,216.2100067138672,217.88999938964844,217.6590576171875,12281000,META
2023-04-19T00:00:00.000,213.47000122070312,217.3300018310547,212.92999267578125,215.6999969482422,215.47137451171875,15898100,META
2023-04-20T00:00:00.000,213.47999572753903,216.75,212.7700042724609,213.07000732421875,212.8441772460937,16475400,META
2023-04-21T00:00:00.000,210.2100067138672,213.4100036621093,209.5800018310547,212.88999938964844,212.6643524169922,17717200,META
2023-04-24T00:00:00.000,213.67999267578125,213.9199981689453,210.7100067138672,212.7899932861328,212.564453125,15750900,META
2023-04-25T00:00:00.000,210.82000732421875,211.259994506836,207.1300048828125,207.5500030517578,207.3300170898437,19198200,META
2023-04-26T00:00:00.000,212.5,214.1100006103516,208.8800048828125,209.3999938964844,209.1780548095703,41992700,META
2023-04-27T00:00:00.000,239.88999938964844,241.69000244140625,236.7700042724609,238.5599975585937,238.30714416503903,71196500,META
2023-04-28T00:00:00.000,239.009994506836,240.42999267578125,235.75,240.32000732421875,240.06529235839844,39554000,META
2023-05-01T00:00:00.000,238.6199951171875,244.0,236.4600067138672,243.17999267578125,242.9222412109375,29143900,META
2023-05-02T00:00:00.000,243.17999267578125,244.9199981689453,238.9900054931641,239.2400054931641,238.98643493652344,24350100,META
2023-05-03T00:00:00.000,239.47000122070312,241.75,232.75,237.02999877929688,236.77877807617188,34463900,META
2023-05-04T00:00:00.000,236.0599975585937,238.1999969482422,232.92999267578125,233.5200042724609,233.27249145507807,17889400,META
2023-05-05T00:00:00.000,232.2400054931641,234.67999267578125,229.8500061035156,232.77999877929688,232.5332794189453,26978900,META
2023-05-08T00:00:00.000,231.4199981689453,235.6199951171875,230.2700042724609,233.2700042724609,233.02276611328125,16400500,META
2023-05-09T00:00:00.000,231.4600067138672,235.8800048828125,231.0800018310547,233.3699951171875,233.1226501464844,16865600,META
2023-05-10T00:00:00.000,236.1699981689453,236.75,230.72000122070312,233.0800018310547,232.8329620361328,19119000,META
2023-05-11T00:00:00.000,233.0500030517578,238.2100067138672,232.3000030517578,235.7899932861328,235.5400848388672,20449000,META
2023-05-12T00:00:00.000,236.7400054931641,236.9600067138672,231.4499969482422,233.8099975585937,233.5621795654297,16155300,META
2023-05-15T00:00:00.000,236.9199981689453,240.259994506836,235.3300018310547,238.8600006103516,238.6068420410156,20653200,META
2023-05-16T00:00:00.000,235.7899932861328,239.63999938964844,235.5200042724609,238.82000732421875,238.5668792724609,18163800,META
2023-05-17T00:00:00.000,238.4499969482422,243.83999633789065,238.13999938964844,242.4900054931641,242.2329864501953,21193100,META
2023-05-18T00:00:00.000,241.3000030517578,247.08999633789065,241.19000244140625,246.8500061035156,246.58837890625,22943300,META
2023-05-19T00:00:00.000,247.47000122070312,248.69000244140625,243.4100036621093,245.63999938964844,245.3796539306641,21599800,META
2023-05-22T00:00:00.000,245.4100036621093,253.57000732421875,245.1199951171875,248.32000732421875,248.0568084716797,27738500,META
2023-05-23T00:00:00.000,246.8099975585937,251.6100006103516,246.6499938964844,246.7400054931641,246.47848510742188,17748100,META
2023-05-24T00:00:00.000,245.27999877929688,249.58999633789065,244.9499969482422,249.2100067138672,248.9458770751953,17724300,META
2023-05-25T00:00:00.000,253.3999938964844,255.6199951171875,249.1699981689453,252.69000244140625,252.42218017578125,22371400,META
2023-05-26T00:00:00.000,252.92999267578125,262.3099975585937,252.7100067138672,262.0400085449219,261.76226806640625,25727200,META
2023-05-30T00:00:00.000,265.25,268.6499938964844,261.2900085449219,262.5199890136719,262.24176025390625,23816500,META
2023-05-31T00:00:00.000,260.0,265.0,258.45001220703125,264.7200012207031,264.4394226074219,25473700,META
2023-06-01T00:00:00.000,265.8999938964844,274.0,265.8900146484375,272.6099853515625,272.321044921875,25609500,META
2023-06-02T00:00:00.000,272.6600036621094,275.3500061035156,271.1199951171875,272.6099853515625,272.321044921875,19405300,META
2023-06-05T00:00:00.000,270.29998779296875,275.57000732421875,269.5599975585937,271.3900146484375,271.10235595703125,20742900,META
2023-06-06T00:00:00.000,270.1400146484375,276.57000732421875,269.69000244140625,271.1199951171875,270.8326416015625,19419000,META
2023-06-07T00:00:00.000,271.6700134277344,274.25,262.79998779296875,263.6000061035156,263.32061767578125,26163600,META
2023-06-08T00:00:00.000,260.6199951171875,267.6499938964844,258.8800048828125,264.5799865722656,264.299560546875,20899400,META
2023-06-09T00:00:00.000,262.4800109863281,267.95001220703125,261.70001220703125,264.95001220703125,264.669189453125,16938500,META
2023-06-12T00:00:00.000,267.1700134277344,271.75,265.3299865722656,271.04998779296875,270.7626953125,15442500,META
2023-06-13T00:00:00.000,274.8800048828125,275.7200012207031,269.0899963378906,271.32000732421875,271.0324401855469,16164000,META
2023-06-14T00:00:00.000,271.8900146484375,274.989990234375,268.32000732421875,273.3500061035156,273.0602722167969,19175100,META
2023-06-15T00:00:00.000,272.29998779296875,283.989990234375,271.4200134277344,281.8299865722656,281.5312805175781,25973500,META
2023-06-16T00:00:00.000,284.75,287.8500061035156,280.1300048828125,281.0,280.7021789550781,43102500,META
2023-06-20T00:00:00.000,278.7300109863281,284.79998779296875,276.2200012207031,284.3299865722656,284.02862548828125,20701600,META
2023-06-21T00:00:00.000,283.5299987792969,284.0,278.3599853515625,281.6400146484375,281.3415222167969,20556200,META
2023-06-22T00:00:00.000,279.0799865722656,285.260009765625,277.7900085449219,284.8800048828125,284.5780639648437,17563100,META
2023-06-23T00:00:00.000,281.510009765625,289.6700134277344,278.95001220703125,288.7300109863281,288.4239807128906,50988400,META
2023-06-26T00:00:00.000,288.70001220703125,289.7900085449219,277.6000061035156,278.4700012207031,278.17486572265625,24232700,META
2023-06-27T00:00:00.000,282.010009765625,289.3500061035156,280.6499938964844,287.04998779296875,286.7457580566406,26108300,META
2023-06-28T00:00:00.000,284.82000732421875,289.54998779296875,284.0599975585937,285.2900085449219,284.9876403808594,16722100,META
2023-06-29T00:00:00.000,284.5,286.57000732421875,280.69000244140625,281.5299987792969,281.2315979003906,15395700,META
2023-06-30T00:00:00.000,284.760009765625,289.04998779296875,284.4200134277344,286.9800109863281,286.67584228515625,19676000,META
2023-07-03T00:00:00.000,286.70001220703125,289.3999938964844,284.8500061035156,286.0199890136719,285.7168273925781,8629300,META
2023-07-05T00:00:00.000,287.6499938964844,298.1199951171875,286.3599853515625,294.3699951171875,294.0579833984375,33865500,META
2023-07-06T00:00:00.000,295.8900146484375,298.1199951171875,291.3099975585937,291.989990234375,291.6805114746094,47600500,META
2023-07-07T00:00:00.000,292.17999267578125,296.20001220703125,288.6600036621094,290.5299987792969,290.2220764160156,25546200,META
2023-07-10T00:00:00.000,295.54998779296875,298.1300048828125,287.04998779296875,294.1000061035156,293.7882995605469,37058300,META
2023-07-11T00:00:00.000,293.8999938964844,300.17999267578125,291.8999938964844,298.2900085449219,297.9738464355469,27585900,META
2023-07-12T00:00:00.000,301.75,309.45001220703125,300.1000061035156,309.3399963378906,309.0121154785156,36677100,META
2023-07-13T00:00:00.000,313.6199951171875,316.239990234375,310.2900085449219,313.4100036621094,313.07781982421875,30281000,META
2023-07-14T00:00:00.000,311.7900085449219,314.8800048828125,307.3599853515625,308.8699951171875,308.5426330566406,22576000,META
2023-07-17T00:00:00.000,307.5400085449219,311.7099914550781,304.7099914550781,310.6199951171875,310.290771484375,25323100,META
2023-07-18T00:00:00.000,310.8800048828125,314.20001220703125,307.6199951171875,312.04998779296875,311.71923828125,20764600,META
2023-07-19T00:00:00.000,313.0299987792969,318.67999267578125,310.5199890136719,316.010009765625,315.6750793457031,21763700,META
2023-07-20T00:00:00.000,313.5,315.5400085449219,302.2200012207031,302.5199890136719,302.1993408203125,23836900,META
2023-07-21T00:00:00.000,304.57000732421875,305.4599914550781,291.20001220703125,294.260009765625,293.9481201171875,42089700,META
2023-07-24T00:00:00.000,295.7799987792969,297.5199890136719,288.29998779296875,291.6099853515625,291.3009033203125,24915700,META
2023-07-25T00:00:00.000,295.19000244140625,298.29998779296875,291.8599853515625,294.4700012207031,294.15789794921875,19585600,META
2023-07-26T00:00:00.000,301.19000244140625,301.7699890136719,291.8999938964844,298.57000732421875,298.2535705566406,47256900,META
2023-07-27T00:00:00.000,325.1199951171875,325.3500061035156,309.8399963378906,311.7099914550781,311.3796081542969,64229200,META
2023-07-28T00:00:00.000,316.8800048828125,326.20001220703125,314.25,325.4800109863281,325.1350402832031,39220300,META
2023-07-31T00:00:00.000,323.69000244140625,325.6600036621094,317.5899963378906,318.6000061035156,318.2623291015625,25799600,META
2023-08-01T00:00:00.000,317.5400085449219,324.1400146484375,314.6600036621094,322.7099914550781,322.3679504394531,22817900,META
2023-08-02T00:00:00.000,318.0,318.3900146484375,310.6499938964844,314.3099975585937,313.97686767578125,20461100,META
2023-08-03T00:00:00.000,309.92999267578125,315.95001220703125,309.92999267578125,313.19000244140625,312.8580627441406,15180200,META
2023-08-04T00:00:00.000,314.9599914550781,318.4100036621094,310.20001220703125,310.7300109863281,310.4006652832031,17600200,META
2023-08-07T00:00:00.000,313.2300109863281,317.07000732421875,310.4599914550781,316.5599975585937,316.2244873046875,16236500,META
2023-08-08T00:00:00.000,314.3999938964844,317.8900146484375,310.1099853515625,312.6400146484375,312.30865478515625,15183500,META
2023-08-09T00:00:00.000,312.8800048828125,313.6300048828125,302.8500061035156,305.2099914550781,304.8865051269531,19955800,META
2023-08-10T00:00:00.000,307.94000244140625,312.3399963378906,303.8699951171875,305.739990234375,305.4159545898437,14358900,META
2023-08-11T00:00:00.000,302.57000732421875,304.7200012207031,300.3599853515625,301.6400146484375,301.3203125,13967800,META
2023-08-14T00:00:00.000,300.9800109863281,306.2099914550781,298.25,306.19000244140625,305.865478515625,15641900,META
2023-08-15T00:00:00.000,306.1400146484375,307.2300109863281,300.0299987792969,301.95001220703125,301.6299743652344,11623600,META
2023-08-16T00:00:00.000,300.20001220703125,301.0799865722656,294.2799987792969,294.2900085449219,293.97808837890625,18547700,META
2023-08-17T00:00:00.000,293.04998779296875,296.04998779296875,284.95001220703125,285.0899963378906,284.787841796875,23950100,META
2023-08-18T00:00:00.000,279.0299987792969,285.69000244140625,274.3800048828125,283.25,282.9497985839844,34061200,META
2023-08-21T00:00:00.000,283.45001220703125,290.5,281.8500061035156,289.8999938964844,289.5927429199219,20181500,META
2023-08-22T00:00:00.000,292.54998779296875,292.8999938964844,286.75,287.6000061035156,287.2951965332031,12999900,META
2023-08-23T00:00:00.000,288.5,297.3999938964844,287.6700134277344,294.239990234375,293.9281311035156,18287000,META
2023-08-24T00:00:00.000,298.5,299.4599914550781,286.6400146484375,286.75,286.4460754394531,18360900,META
2023-08-25T00:00:00.000,286.1300048828125,288.3900146484375,276.0299987792969,285.5,285.1973876953125,23701400,META
2023-08-28T00:00:00.000,288.0,291.45001220703125,285.79998779296875,290.260009765625,289.9523620605469,14239300,META
2023-08-29T00:00:00.000,288.5799865722656,299.1499938964844,288.17999267578125,297.989990234375,297.6741638183594,20844500,META
2023-08-30T00:00:00.000,297.1700134277344,298.2900085449219,293.42999267578125,295.1000061035156,294.7872314453125,17717000,META
2023-08-31T00:00:00.000,295.79998779296875,301.1000061035156,295.6600036621094,295.8900146484375,295.576416015625,17229900,META
2023-09-01T00:00:00.000,299.3699951171875,301.739990234375,294.4700012207031,296.3800048828125,296.0658874511719,12819800,META
2023-09-05T00:00:00.000,297.0199890136719,301.3900146484375,295.510009765625,300.1499938964844,299.8318786621094,14956000,META
2023-09-06T00:00:00.000,301.7099914550781,303.29998779296875,295.6600036621094,299.1700134277344,298.8529357910156,15418100,META
2023-09-07T00:00:00.000,298.0,307.04998779296875,292.2200012207031,298.6700134277344,298.3534545898437,33748700,META
2023-09-08T00:00:00.000,299.2200012207031,305.25,296.7799987792969,297.8900146484375,297.57427978515625,17548000,META
2023-09-11T00:00:00.000,301.4100036621094,309.0400085449219,301.2799987792969,307.5599975585937,307.2340087890625,19489300,META
2023-09-12T00:00:00.000,306.3299865722656,308.6600036621094,300.2300109863281,301.6600036621094,301.3402709960937,13480400,META
2023-09-13T00:00:00.000,302.3599853515625,307.17999267578125,301.32000732421875,305.0599975585937,304.7366638183594,13210900,META
2023-09-14T00:00:00.000,306.739990234375,312.8699951171875,305.0299987792969,311.7200012207031,311.3896179199219,19343100,META
2023-09-15T00:00:00.000,311.6099853515625,312.0,298.75,300.3099975585937,299.99169921875,28106400,META
2023-09-18T00:00:00.000,298.19000244140625,303.6000061035156,297.79998779296875,302.54998779296875,302.22930908203125,14234200,META
2023-09-19T00:00:00.000,302.4800109863281,306.1700134277344,299.8099975585937,305.07000732421875,304.7466735839844,15924400,META
2023-09-20T00:00:00.000,305.04998779296875,308.0599975585937,299.42999267578125,299.6700134277344,299.3523864746094,19379500,META
2023-09-21T00:00:00.000,295.70001220703125,300.260009765625,293.2699890136719,295.7300109863281,295.41656494140625,21300500,META
2023-09-22T00:00:00.000,299.29998779296875,305.3800048828125,298.2699890136719,299.0799865722656,298.76300048828125,25369600,META
2023-09-25T00:00:00.000,295.6400146484375,300.95001220703125,293.70001220703125,300.8299865722656,300.5111389160156,18987000,META
2023-09-26T00:00:00.000,297.6600036621094,300.29998779296875,296.010009765625,298.9599914550781,298.64312744140625,19417200,META
2023-09-27T00:00:00.000,300.45001220703125,301.29998779296875,286.7900085449219,297.739990234375,297.4244079589844,36429800,META
2023-09-28T00:00:00.000,298.94000244140625,306.3299865722656,296.70001220703125,303.9599914550781,303.6378173828125,22167100,META
2023-09-29T00:00:00.000,307.3800048828125,310.6400146484375,299.3599853515625,300.2099914550781,299.8918151855469,25356600,META
2023-10-02T00:00:00.000,302.739990234375,307.17999267578125,301.6300048828125,306.82000732421875,306.49481201171875,16265600,META
2023-10-03T00:00:00.000,304.260009765625,306.7699890136719,299.6400146484375,300.94000244140625,300.6210327148437,17362300,META
2023-10-04T00:00:00.000,298.7300109863281,306.8999938964844,298.5,305.5799865722656,305.256103515625,16880500,META
2023-10-05T00:00:00.000,304.6300048828125,306.2099914550781,299.5,304.7900085449219,304.46697998046875,19130000,META
2023-10-06T00:00:00.000,301.44000244140625,316.3099975585937,300.9100036621094,315.42999267578125,315.0956726074219,21784000,META
2023-10-09T00:00:00.000,312.5,320.3299865722656,311.82000732421875,318.3599853515625,318.0225524902344,22503700,META
2023-10-10T00:00:00.000,319.1199951171875,324.6600036621094,318.1600036621094,321.8399963378906,321.4988708496094,19038000,META
2023-10-11T00:00:00.000,323.010009765625,328.8399963378906,322.95001220703125,327.82000732421875,327.4725646972656,22036300,META
2023-10-12T00:00:00.000,328.0,330.5400085449219,322.69000244140625,324.1600036621094,323.8164367675781,20530500,META
2023-10-13T00:00:00.000,323.5299987792969,325.04998779296875,312.3699951171875,314.69000244140625,314.3564758300781,21341000,META
2023-10-16T00:00:00.000,318.6400146484375,321.82000732421875,315.5199890136719,321.1499938964844,320.8096008300781,16536100,META
2023-10-17T00:00:00.000,318.17999267578125,324.3999938964844,317.29998779296875,324.0,323.6565856933594,16387800,META
2023-10-18T00:00:00.000,321.3900146484375,325.94000244140625,315.5599975585937,316.9700012207031,316.634033203125,16851000,META
2023-10-19T00:00:00.000,319.8800048828125,321.8900146484375,311.75,312.8099975585937,312.4784545898437,18709200,META
2023-10-20T00:00:00.000,314.1400146484375,315.29998779296875,306.4700012207031,308.6499938964844,308.3228454589844,22287400,META
2023-10-23T00:00:00.000,309.5,317.3599853515625,307.260009765625,314.010009765625,313.6771850585937,17796800,META
2023-10-24T00:00:00.000,316.7799987792969,318.3500061035156,310.6300048828125,312.54998779296875,312.2187194824219,19525500,META
2023-10-25T00:00:00.000,310.0,310.8800048828125,298.8399963378906,299.5299987792969,299.2125244140625,42192500,META
2023-10-26T00:00:00.000,295.0,295.0,279.3999938964844,288.3500061035156,288.0443725585937,66684100,META
2023-10-27T00:00:00.000,294.4800109863281,299.3099975585937,292.9700012207031,296.7300109863281,296.4154968261719,29596300,META
2023-10-30T00:00:00.000,299.0899963378906,309.3999938964844,299.04998779296875,302.6600036621094,302.3392028808594,28435100,META
2023-10-31T00:00:00.000,303.3099975585937,303.67999267578125,296.8599853515625,301.2699890136719,300.95068359375,19434200,META
2023-11-01T00:00:00.000,301.8500061035156,312.739990234375,301.8500061035156,311.8500061035156,311.5194702148437,20434600,META
2023-11-02T00:00:00.000,317.29998779296875,318.82000732421875,308.3299865722656,310.8699951171875,310.5404968261719,21631800,META
2023-11-03T00:00:00.000,312.54998779296875,315.54998779296875,311.0199890136719,314.6000061035156,314.2665710449219,16754100,META
2023-11-06T00:00:00.000,315.9800109863281,318.3299865722656,314.45001220703125,315.79998779296875,315.4652709960937,12887700,META
2023-11-07T00:00:00.000,317.0599975585937,321.0,315.1199951171875,318.82000732421875,318.4820861816406,14055600,META
2023-11-08T00:00:00.000,318.1400146484375,321.3299865722656,314.8800048828125,319.7799987792969,319.4410705566406,13609700,META
2023-11-09T00:00:00.000,319.4200134277344,324.17999267578125,318.79998779296875,320.54998779296875,320.2102355957031,16103100,META
2023-11-10T00:00:00.000,319.94000244140625,329.1000061035156,319.4599914550781,328.7699890136719,328.4215393066406,19096200,META
2023-11-13T00:00:00.000,326.20001220703125,332.3299865722656,325.70001220703125,329.19000244140625,328.8410949707031,16908900,META
2023-11-14T00:00:00.000,334.5400085449219,338.1000061035156,333.3299865722656,336.3099975585937,335.9535522460937,17179400,META
2023-11-15T00:00:00.000,337.92999267578125,338.3999938964844,330.0199890136719,332.7099914550781,332.3573608398437,14531200,META
2023-11-16T00:00:00.000,329.3699951171875,334.5799865722656,326.3800048828125,334.19000244140625,333.8357849121094,18932600,META
2023-11-17T00:00:00.000,330.260009765625,335.5,329.3500061035156,335.0400085449219,334.6849060058594,14494400,META
2023-11-20T00:00:00.000,334.8900146484375,341.8699951171875,334.19000244140625,339.9700012207031,339.60968017578125,16960500,META
2023-11-21T00:00:00.000,338.3299865722656,339.8999938964844,335.8999938964844,336.9800109863281,336.62286376953125,12027900,META
2023-11-22T00:00:00.000,339.2099914550781,342.9200134277344,338.5799865722656,341.489990234375,341.1280517578125,10702700,META
2023-11-24T00:00:00.000,340.1300048828125,341.8599853515625,336.7699890136719,338.2300109863281,337.8715209960937,5467500,META
2023-11-27T00:00:00.000,336.17999267578125,339.8999938964844,334.20001220703125,334.70001220703125,334.34527587890625,15684500,META
2023-11-28T00:00:00.000,333.3999938964844,339.3800048828125,333.3999938964844,338.989990234375,338.6307067871094,12637200,META
2023-11-29T00:00:00.000,339.69000244140625,339.8999938964844,330.7799987792969,332.20001220703125,331.8479309082031,16024500,META
2023-11-30T00:00:00.000,331.8900146484375,333.5,322.3999938964844,327.1499938964844,326.8032531738281,23146400,META
2023-12-01T00:00:00.000,325.4800109863281,326.8599853515625,320.760009765625,324.82000732421875,324.4757385253906,15264700,META
2023-12-04T00:00:00.000,317.2900085449219,320.8599853515625,313.6600036621094,320.0199890136719,319.6808166503906,19037100,META
2023-12-05T00:00:00.000,318.9800109863281,321.8800048828125,315.3900146484375,318.2900085449219,317.9526672363281,16952100,META
2023-12-06T00:00:00.000,321.92999267578125,322.25,317.0400085449219,317.45001220703125,317.1135559082031,11294300,META
2023-12-07T00:00:00.000,317.7699890136719,328.239990234375,317.7699890136719,326.5899963378906,326.24383544921875,15905100,META
2023-12-08T00:00:00.000,323.0899963378906,333.1700134277344,323.0,332.75,332.3973083496094,14077500,META
2023-12-11T00:00:00.000,329.3999938964844,329.8900146484375,320.0,325.2799987792969,324.93524169921875,25802500,META
2023-12-12T00:00:00.000,324.6000061035156,334.4700012207031,324.5599975585937,334.2200012207031,333.8657531738281,18485500,META
2023-12-13T00:00:00.000,333.92999267578125,338.3699951171875,332.6400146484375,334.739990234375,334.3851928710937,16353300,META
2023-12-14T00:00:00.000,333.8500061035156,334.70001220703125,328.6400146484375,333.1700134277344,332.81689453125,19607300,META
2023-12-15T00:00:00.000,331.989990234375,338.6600036621094,331.2200012207031,334.9200134277344,334.5650329589844,30001600,META
2023-12-18T00:00:00.000,337.4800109863281,347.5599975585937,337.0199890136719,344.6199951171875,344.2547302246094,18993900,META
2023-12-19T00:00:00.000,345.5799865722656,353.6000061035156,345.1199951171875,350.3599853515625,349.9886474609375,17729400,META
2023-12-20T00:00:00.000,348.6499938964844,354.9599914550781,347.7900085449219,349.2799987792969,348.9097900390625,16369900,META
2023-12-21T00:00:00.000,352.9800109863281,356.4100036621094,349.2099914550781,354.0899963378906,353.7146911621094,15289600,META
2023-12-22T00:00:00.000,355.5799865722656,357.20001220703125,351.2200012207031,353.3900146484375,353.0154724121094,11764200,META
2023-12-26T00:00:00.000,354.989990234375,356.9800109863281,353.45001220703125,354.8299865722656,354.45391845703125,9898600,META
2023-12-27T00:00:00.000,356.07000732421875,359.0,355.3099975585937,357.8299865722656,357.4507141113281,13207900,META
2023-12-28T00:00:00.000,359.70001220703125,361.8999938964844,357.8099975585937,358.32000732421875,357.9402160644531,11798800,META
2023-12-29T00:00:00.000,358.989990234375,360.0,351.82000732421875,353.9599914550781,353.5848388671875,14980500,META
